Date,Open,High,Low,Last,Volume,Turnover
2020-07-10,69.78,70.84,69.06,70.84,255761.0,17974119.0
2020-07-09,71.52,71.94,69.82,69.84,180609.0,12733920.0
2020-07-08,71.92,72.02,70.7,71.1,172459.0,12280154.0
2020-07-07,72.66,72.9,71.98,72.4,187911.0,13604025.0
2020-07-06,73.0,74.06,72.34,73.28,228425.0,16679609.0
2020-07-03,73.32,73.76,70.7,71.42,236005.0,16858862.0
2020-07-02,72.26,73.74,71.82,73.4,200236.0,14635645.0
2020-07-01,71.28,72.8,70.64,71.78,179155.0,12885468.0
2020-06-30,72.02,72.5,70.26,71.26,276789.0,19707670.0
2020-06-29,70.78,72.62,69.88,72.02,198606.0,14222482.0
2020-06-26,71.18,72.92,70.54,70.86,234334.0,16745779.0
2020-06-25,69.22,70.7,68.18,70.6,280739.0,19596867.0
2020-06-24,71.4,71.56,69.58,69.6,393961.0,27628283.0
2020-06-23,72.46,73.62,71.68,72.56,256067.0,18605606.0
2020-06-22,73.0,73.1,71.16,72.0,265523.0,19112384.0
2020-06-19,73.68,75.08,72.94,74.2,644269.0,47851195.0
2020-06-18,72.0,74.28,71.78,72.96,245378.0,17950019.0
2020-06-17,72.74,73.7,71.52,71.98,245400.0,17733785.0
2020-06-16,71.78,74.44,71.4,72.72,227087.0,16568219.0
2020-06-15,69.0,70.66,67.6,69.96,261501.0,18181416.0
2020-06-12,69.14,71.7,69.0,70.42,281995.0,19929415.0
2020-06-11,73.0,73.0,69.68,69.68,380112.0,26788381.0
2020-06-10,77.18,78.0,74.1,74.68,229376.0,17189590.0
2020-06-09,78.0,78.5,73.88,77.0,377195.0,28826325.0
2020-06-08,77.5,78.84,77.0,77.98,191185.0,14931616.0
2020-06-05,76.92,78.6,76.52,77.98,297382.0,23119485.0
2020-06-04,76.32,76.74,74.52,76.22,497911.0,37826822.0
2020-06-03,74.38,76.72,74.2,76.72,326501.0,24792294.0
2020-06-02,70.9,74.08,70.34,73.92,254395.0,18665667.0
2020-06-01,70.1,70.66,68.78,70.34,135675.0,9509826.0
2020-05-29,71.6,71.68,68.3,68.48,722360.0,49658853.0
2020-05-28,71.8,72.94,71.4,72.94,233743.0,16958019.0
2020-05-27,68.28,71.9,68.1,71.3,298195.0,21158048.0
2020-05-26,66.5,68.62,65.92,68.58,303578.0,20579975.0
2020-05-25,66.2,66.48,65.4,65.52,145683.0,9563663.0
2020-05-22,65.2,66.42,63.78,65.5,278530.0,18131487.0
2020-05-21,66.6,67.22,65.68,65.78,263279.0,17410139.0
2020-05-20,67.0,67.76,65.2,67.38,315518.0,21133298.0
2020-05-19,71.64,72.24,65.1,67.12,526045.0,35451050.0
2020-05-18,69.6,71.22,67.3,71.22,134194.0,9373223.0
2020-05-15,69.74,70.54,68.02,68.92,178953.0,12371158.0
2020-05-14,70.54,71.2,67.44,68.48,245134.0,16877618.0
2020-05-13,71.6,73.0,70.18,71.5,157508.0,11274954.0
2020-05-12,73.3,73.3,71.46,72.26,151771.0,10957752.0
2020-05-11,73.56,74.18,72.78,73.38,140982.0,10338690.0
2020-05-08,72.84,73.76,71.74,73.76,125156.0,9155920.0
2020-05-07,73.16,73.28,71.22,72.5,125459.0,9088152.0
2020-05-06,74.0,74.28,72.08,72.98,213736.0,15688673.0
2020-05-05,69.96,70.5,67.8,70.5,118135.0,8249039.0
2020-05-04,69.9,69.9,66.18,68.62,417836.0,28638976.0
2020-04-30,74.3,74.7,70.5,71.24,213863.0,15290274.0
2020-04-29,70.88,74.44,70.52,74.34,203152.0,14923486.0
2020-04-28,67.98,71.0,67.12,71.0,181064.0,12719539.0
2020-04-27,67.76,68.74,66.7,67.7,144120.0,9747697.0
2020-04-24,67.48,68.18,65.82,66.56,182665.0,12205265.0
2020-04-23,66.2,68.3,66.12,68.2,175431.0,11875955.0
2020-04-22,68.4,68.4,64.98,66.12,274943.0,18098251.0
2020-04-21,69.5,69.94,67.14,67.14,167380.0,11339341.0
2020-04-20,69.86,70.16,68.5,69.94,116732.0,8108498.0
2020-04-17,68.0,69.54,67.16,69.54,200297.0,13786416.0
2020-04-16,68.18,69.04,65.52,65.52,196705.0,13026648.0
2020-04-15,70.84,71.12,67.08,67.08,221268.0,14960803.0
2020-04-14,73.2,73.52,69.64,70.48,243258.0,17176564.0
2020-04-09,70.88,73.76,68.98,72.64,316306.0,22734605.0
2020-04-08,70.3,70.6,68.66,69.22,143730.0,9966481.0
2020-04-07,68.82,71.36,68.62,70.0,294180.0,20601093.0
2020-04-06,67.92,69.2,66.66,67.64,239733.0,16223340.0
2020-04-03,67.42,67.42,65.24,65.68,164731.0,10847211.0
2020-04-02,66.02,68.12,65.12,66.74,144173.0,9606099.0
2020-04-01,65.78,66.96,63.32,65.9,204342.0,13333894.0
2020-03-31,66.68,68.28,64.78,66.38,392858.0,25972046.0
2020-03-30,65.06,65.9,62.6,65.36,198548.0,12887861.0
2020-03-27,69.88,69.88,63.66,64.4,284569.0,18667158.0
2020-03-26,68.5,69.88,65.02,69.88,279186.0,19023764.0
2020-03-25,72.42,72.42,66.8,70.2,300144.0,20916072.0
2020-03-24,68.82,69.66,67.48,68.94,296235.0,20286630.0
2020-03-23,70.1,70.56,66.0,66.02,403308.0,27138495.0
2020-03-20,78.0,78.58,70.5,72.76,635595.0,46641209.0
2020-03-19,67.0,75.58,66.96,75.58,916864.0,67014266.0
2020-03-18,59.5,66.36,57.5,66.36,637096.0,40695496.0
2020-03-17,58.62,59.6,55.08,57.18,651952.0,37221892.0
2020-03-16,57.4,58.2,52.82,56.8,880385.0,49110528.0
2020-03-13,61.32,64.98,58.52,59.76,831625.0,50882334.0
2020-03-12,67.0,67.0,58.78,58.78,1047908.0,64747352.0
2020-03-11,70.74,72.68,68.64,69.1,509070.0,35627513.0
2020-03-10,71.38,74.26,69.24,69.46,589519.0,42074676.0
2020-03-09,72.5,72.9,69.64,70.02,909104.0,64455081.0
2020-03-06,76.9,77.7,74.62,77.0,644383.0,49182213.0
2020-03-05,82.0,82.0,78.06,78.2,623117.0,49161348.0
2020-03-04,81.6,82.6,80.76,80.98,373101.0,30384531.0
2020-03-03,82.0,84.18,81.0,81.1,606901.0,49955576.0
2020-03-02,83.5,84.28,79.52,80.6,747822.0,60502793.0
2020-02-28,82.68,82.92,80.34,82.08,856291.0,69964665.0
2020-02-27,87.5,87.5,83.66,85.0,751506.0,63883762.0
2020-02-26,90.2,91.04,86.6,88.88,674379.0,59880085.0
2020-02-25,92.16,93.14,90.92,91.26,548567.0,50319480.0
2020-02-24,92.8,92.8,90.64,91.9,516195.0,47266827.0
2020-02-21,95.38,95.38,93.92,94.78,262902.0,24881872.0
2020-02-20,94.76,96.42,94.52,95.66,308080.0,29492064.0
2020-02-19,95.5,95.76,94.0,94.76,208387.0,19741875.0
2020-02-18,96.22,96.72,94.8,95.04,322271.0,30751685.0
2020-02-17,97.78,98.16,97.36,97.66,115136.0,11244788.0
2020-02-14,98.14,98.52,97.52,97.52,130285.0,12740054.0
2020-02-13,98.1,98.58,97.12,98.12,213766.0,20935069.0
2020-02-12,97.5,99.32,97.5,98.66,247160.0,24396800.0
2020-02-11,97.0,97.86,96.4,97.48,258615.0,25162380.0
2020-02-10,97.28,97.64,95.74,96.12,194178.0,18725261.0
2020-02-07,98.0,98.22,95.84,97.38,353995.0,34294578.0
2020-02-06,98.5,99.94,98.12,98.12,307487.0,30341145.0
2020-02-05,96.0,98.56,96.0,97.74,299423.0,29262884.0
2020-02-04,94.78,96.52,94.78,96.02,335395.0,32200416.0
2020-02-03,93.74,94.88,93.24,94.32,234163.0,22067791.0
2020-01-31,95.34,95.46,93.2,93.54,312021.0,29263882.0
2020-01-30,94.7,96.16,94.0,94.84,220938.0,21007151.0
2020-01-29,95.48,96.38,95.14,95.62,295772.0,28325827.0
2020-01-28,93.94,95.78,93.04,95.3,358778.0,34042773.0
2020-01-27,93.6,94.02,92.82,93.36,334024.0,31185176.0
2020-01-24,95.4,96.14,94.82,95.0,243710.0,23240293.0
2020-01-23,94.58,95.8,93.54,94.16,388976.0,36764058.0
2020-01-22,94.76,95.14,93.92,94.58,386876.0,36569753.0
2020-01-21,94.5,95.94,93.74,95.3,326729.0,31079402.0
2020-01-20,95.52,95.72,93.82,95.04,433705.0,41118509.0
2020-01-17,96.1,96.68,95.2,95.2,439117.0,42004449.0
2020-01-16,96.0,96.2,94.86,95.66,587575.0,56140570.0
2020-01-15,99.0,99.22,97.0,97.28,544698.0,53179464.0
2020-01-14,100.8,100.8,98.92,99.28,412798.0,41049124.0
2020-01-13,102.0,102.2,100.15,100.85,298091.0,30082322.0
2020-01-10,103.3,103.4,101.9,101.9,265808.0,27163432.0
2020-01-09,103.35,104.0,102.65,103.15,191427.0,19758771.0
2020-01-08,102.55,103.5,101.85,102.75,193722.0,19898965.0
2020-01-07,102.55,103.85,102.55,103.55,237201.0,24541747.0
2020-01-06,102.0,102.45,100.3,102.45,234735.0,23886326.0
2020-01-03,104.7,104.7,102.8,102.8,323435.0,33304541.0
2020-01-02,104.2,105.25,104.05,105.05,161597.0,16959431.0
2019-12-31,103.15,104.2,103.15,103.3,83339.0,8634939.0
2019-12-30,103.5,104.05,103.15,103.4,114694.0,11868395.0
2019-12-27,103.95,104.3,103.5,103.7,143158.0,14858099.0
2019-12-24,103.65,104.6,103.65,104.0,31184.0,3246608.0
2019-12-23,104.45,104.65,103.8,104.1,151005.0,15730659.0
2019-12-20,104.0,105.3,104.0,104.6,411458.0,43089673.0
2019-12-19,102.85,104.3,102.5,104.3,299807.0,31154299.0
2019-12-18,101.5,102.9,101.35,102.75,240968.0,24690893.0
2019-12-17,103.8,104.25,100.8,101.55,413786.0,42075716.0
2019-12-16,104.8,105.4,103.9,104.15,185743.0,19384021.0
2019-12-13,105.0,106.5,104.7,104.7,417886.0,44056979.0
2019-12-12,102.25,103.85,101.75,103.2,295641.0,30376464.0
2019-12-11,102.45,103.25,101.85,102.2,242189.0,24758306.0
2019-12-10,102.7,103.1,101.2,102.45,186948.0,19112894.0
2019-12-09,102.45,103.85,102.3,102.9,138674.0,14297114.0
2019-12-06,101.9,103.35,101.3,102.7,188584.0,19341906.0
2019-12-05,102.05,102.95,101.65,101.75,152172.0,15528165.0
2019-12-04,101.25,102.6,100.75,102.1,218919.0,22323352.0
2019-12-03,103.75,104.2,101.2,101.4,272328.0,27751006.0
2019-12-02,103.95,105.65,103.35,103.6,265481.0,27634651.0
2019-11-29,104.2,104.95,103.4,104.0,203059.0,21123390.0
2019-11-28,104.5,105.65,103.85,105.15,135840.0,14261000.0
2019-11-27,105.95,106.0,104.35,104.65,194896.0,20425617.0
2019-11-26,105.05,106.15,104.0,105.5,331933.0,34979532.0
2019-11-25,105.3,105.85,103.9,105.0,183838.0,19284109.0
2019-11-22,104.0,105.4,103.8,104.8,324867.0,34058648.0
2019-11-21,102.6,104.05,101.65,103.95,273462.0,28306413.0
2019-11-20,101.85,103.65,100.75,103.55,302542.0,31123919.0
2019-11-19,104.0,104.7,101.85,102.4,346980.0,35822981.0
2019-11-18,104.3,105.05,103.5,104.4,429208.0,44736827.0
2019-11-15,104.0,104.5,102.4,104.5,304434.0,31655720.0
2019-11-14,101.75,103.45,100.35,103.2,279696.0,28742238.0
2019-11-13,101.3,102.3,99.68,102.05,328851.0,33365119.0
2019-11-12,99.5,102.65,99.1,102.4,432094.0,43895509.0
2019-11-11,99.08,99.38,97.36,97.86,407707.0,39987085.0
2019-11-08,98.36,100.8,97.7,99.72,533972.0,53117395.0
2019-11-07,103.5,105.35,98.18,99.0,685352.0,69014283.0
2019-11-06,103.35,104.6,102.75,103.25,347432.0,36003813.0
2019-11-05,102.3,104.65,102.1,103.75,355017.0,36805166.0
2019-11-04,101.1,102.25,100.9,101.9,269970.0,27468586.0
2019-11-01,97.78,100.65,97.5,100.3,256076.0,25534626.0
2019-10-31,98.6,98.62,95.28,97.5,334350.0,32465519.0
2019-10-30,101.6,102.2,99.16,99.56,341477.0,34234072.0
2019-10-29,101.4,101.85,100.45,101.7,230543.0,23381210.0
2019-10-28,101.8,102.9,101.25,101.75,281102.0,28612182.0
2019-10-25,99.6,101.8,99.6,101.7,269392.0,27196184.0
2019-10-24,97.38,99.9,97.22,99.66,390125.0,38678603.0
2019-10-23,96.4,97.94,95.94,97.16,294116.0,28579593.0
2019-10-22,98.26,98.8,96.28,97.16,282291.0,27400659.0
2019-10-21,96.36,98.62,96.36,98.24,222506.0,21845010.0
2019-10-18,96.36,97.18,95.94,96.36,233266.0,22524076.0
2019-10-17,96.58,98.0,96.04,96.52,264173.0,25544032.0
2019-10-16,97.0,97.4,95.2,97.1,252041.0,24343741.0
2019-10-15,96.6,97.94,96.18,97.62,236314.0,22988735.0
2019-10-14,95.36,96.0,93.94,95.82,172792.0,16471385.0
2019-10-11,93.0,96.04,92.96,95.84,325684.0,30980200.0
2019-10-10,90.64,92.98,90.36,92.66,372792.0,34150311.0
2019-10-09,90.4,91.5,90.0,90.34,191614.0,17350158.0
2019-10-08,92.1,92.14,89.72,90.48,211099.0,19118074.0
2019-10-07,90.8,92.16,89.88,91.98,185165.0,16975593.0
2019-10-04,91.26,91.48,90.02,90.6,203627.0,18443552.0
2019-10-03,91.04,91.48,89.9,90.58,223696.0,20252710.0
2019-10-02,93.9,94.0,91.06,91.06,250500.0,22956859.0
2019-10-01,95.46,96.24,93.72,94.06,221343.0,20970817.0
2019-09-30,94.74,95.78,94.2,95.0,192151.0,18274535.0
2019-09-27,93.0,94.98,93.0,94.62,249222.0,23541941.0
2019-09-26,92.9,93.78,92.26,92.34,195935.0,18149786.0
2019-09-25,92.2,92.84,90.84,92.78,232940.0,21449744.0
2019-09-24,95.0,95.0,92.28,92.48,310439.0,28875433.0
2019-09-23,95.6,96.28,93.56,94.78,187208.0,17682580.0
2019-09-20,96.98,96.98,95.58,96.06,342377.0,32891437.0
2019-09-19,95.82,96.92,95.22,96.6,170085.0,16409145.0
2019-09-18,96.76,97.24,95.88,95.96,179385.0,17256677.0
2019-09-17,98.58,99.04,96.04,96.8,347126.0,33639215.0
2019-09-16,99.68,100.2,98.22,99.12,253870.0,25161123.0
2019-09-13,98.6,100.75,98.32,100.5,323519.0,32357552.0
2019-09-12,98.98,99.84,97.36,98.64,299378.0,29570458.0
2019-09-11,98.14,99.9,98.14,98.32,407116.0,40290411.0
2019-09-10,94.48,97.6,94.24,97.3,457624.0,44246436.0
2019-09-09,93.46,94.38,92.9,94.38,152388.0,14320739.0
2019-09-06,93.5,93.8,92.62,93.2,206365.0,19242954.0
2019-09-05,91.9,93.14,91.68,93.08,286149.0,26504381.0
2019-09-04,91.0,91.76,90.38,91.1,228576.0,20785467.0
2019-09-03,91.02,91.04,89.42,89.7,213576.0,19219892.0
2019-09-02,91.72,92.88,90.98,91.0,111940.0,10227459.0
2019-08-30,90.54,91.92,90.5,91.72,173772.0,15922636.0
2019-08-29,88.16,90.74,88.0,90.5,171395.0,15472912.0
2019-08-28,88.62,88.96,87.56,88.46,146484.0,12929905.0
2019-08-27,88.6,89.4,87.66,88.74,188722.0,16746549.0
2019-08-26,88.5,89.2,87.9,88.58,132475.0,11734991.0
2019-08-23,90.76,91.5,88.62,88.62,185452.0,16616654.0
2019-08-22,89.92,91.22,89.32,90.2,236133.0,21352583.0
2019-08-21,88.56,90.64,88.56,90.0,183185.0,16498451.0
2019-08-20,89.68,90.3,88.32,88.32,227229.0,20183147.0
2019-08-19,87.54,89.76,87.54,89.44,219877.0,19613147.0
2019-08-16,86.1,87.14,85.98,87.02,173568.0,15057550.0
2019-08-15,87.74,88.28,85.14,86.02,308327.0,26585396.0
2019-08-14,89.54,89.54,86.84,87.2,265735.0,23280467.0
2019-08-13,88.04,90.86,86.66,89.6,353345.0,31298683.0
2019-08-12,90.0,91.04,88.06,88.44,165296.0,14685874.0
2019-08-09,90.4,90.6,89.0,89.18,246189.0,22009030.0
2019-08-08,89.0,90.9,88.38,90.9,223261.0,20152605.0
2019-08-07,88.5,89.26,87.18,87.86,214394.0,18865554.0
2019-08-06,88.6,89.5,87.84,88.02,211198.0,18688183.0
2019-08-05,89.94,89.94,87.48,88.46,310388.0,27502020.0
2019-08-02,91.96,93.32,89.74,90.36,513618.0,46561202.0
2019-08-01,92.86,95.04,92.8,94.74,227203.0,21453825.0
2019-07-31,94.2,95.66,92.22,92.86,445875.0,41638700.0
2019-07-30,92.9,92.9,90.1,91.52,331950.0,30245785.0
2019-07-29,93.0,93.0,91.58,92.56,193208.0,17864281.0
2019-07-26,93.86,93.86,92.46,93.0,206112.0,19163171.0
2019-07-25,96.0,96.24,91.68,93.68,338536.0,31660218.0
2019-07-24,95.1,95.78,94.2,95.54,256086.0,24368257.0
2019-07-23,91.2,95.1,91.2,94.94,452477.0,42669129.0
2019-07-22,89.74,91.56,89.7,90.68,176123.0,15987281.0
2019-07-19,89.08,90.92,88.82,89.5,217302.0,19498355.0
2019-07-18,89.0,89.0,88.14,88.38,217109.0,19207401.0
2019-07-17,90.86,91.12,89.24,89.56,224192.0,20176424.0
2019-07-16,89.9,91.44,89.9,90.98,263037.0,23896863.0
2019-07-15,89.1,90.34,88.86,89.66,220206.0,19738260.0
2019-07-12,86.54,88.9,86.54,88.1,198055.0,17460275.0
2019-07-11,87.62,87.62,86.38,86.72,162467.0,14103744.0
2019-07-10,86.84,88.16,86.56,87.34,260211.0,22777188.0
2019-07-09,86.7,87.3,84.02,86.98,519784.0,44644503.0
2019-07-08,89.38,90.0,87.9,88.52,216832.0,19251165.0
2019-07-05,90.96,90.96,88.26,89.56,299438.0,26751326.0
2019-07-04,90.48,91.68,90.42,91.2,187355.0,17094409.0
2019-07-03,90.14,90.7,89.3,90.3,195059.0,17610478.0
2019-07-02,92.64,92.64,89.6,90.18,244688.0,22115793.0
2019-07-01,92.64,93.54,91.98,91.98,256692.0,23751404.0
2019-06-28,90.36,91.28,89.78,91.1,223910.0,20357936.0
2019-06-27,89.98,91.28,89.42,90.06,221888.0,20016319.0
2019-06-26,89.16,90.66,88.92,89.3,184608.0,16534123.0
2019-06-25,88.7,89.62,88.54,89.18,145427.0,12963310.0
2019-06-24,89.9,90.42,89.1,89.44,216874.0,19411694.0
2019-06-21,89.92,90.5,89.14,89.74,499180.0,44791402.0
2019-06-20,89.66,91.0,89.62,89.62,242155.0,21803622.0
2019-06-19,88.04,89.86,88.04,89.18,218144.0,19467917.0
2019-06-18,86.18,88.72,85.2,88.12,314617.0,27550446.0
2019-06-17,87.14,87.3,85.64,86.1,277065.0,23888787.0
2019-06-14,88.02,88.1,86.4,86.76,197036.0,17137643.0
2019-06-13,88.0,88.34,87.28,87.98,218980.0,19252302.0
2019-06-12,89.0,89.36,87.64,88.2,274464.0,24223054.0
2019-06-11,87.6,90.4,87.5,89.52,453508.0,40594741.0
2019-06-10,87.54,87.94,86.98,87.12,158317.0,13823367.0
2019-06-07,86.18,87.24,85.62,86.58,495341.0,42882854.0
2019-06-06,85.24,86.34,84.22,84.6,364457.0,31002066.0
2019-06-05,86.86,86.92,84.36,85.0,312698.0,26668775.0
2019-06-04,84.22,86.48,83.8,86.18,404410.0,34715958.0
2019-06-03,83.54,84.46,82.26,84.46,217055.0,18202201.0
2019-05-31,83.86,84.08,83.16,84.08,191329.0,16042754.0
2019-05-30,85.06,85.52,84.3,84.72,127708.0,10820269.0
2019-05-29,85.5,85.54,83.54,84.58,318709.0,26922534.0
2019-05-28,86.4,86.94,85.56,85.8,314526.0,27026556.0
2019-05-27,86.22,86.32,85.26,85.88,111984.0,9610952.0
2019-05-24,85.8,86.44,85.0,85.0,245475.0,20979970.0
2019-05-23,85.9,86.32,84.38,85.04,321118.0,27304147.0
2019-05-22,86.5,86.72,85.38,86.1,279785.0,24082731.0
2019-05-21,87.0,88.1,85.66,86.5,339684.0,29392505.0
2019-05-20,89.6,89.6,87.22,87.94,314949.0,27692808.0
2019-05-17,90.38,90.38,88.82,89.34,288875.0,25818363.0
2019-05-16,89.7,90.88,88.2,90.88,382753.0,34355610.0
2019-05-15,90.64,90.64,87.88,89.62,318453.0,28377455.0
2019-05-14,89.2,91.04,88.92,89.0,394813.0,35300724.0
2019-05-13,92.0,92.0,89.0,89.12,367464.0,32953044.0
2019-05-10,93.5,94.3,90.82,91.28,302180.0,27741734.0
2019-05-09,93.9,93.94,91.62,91.82,423741.0,39096867.0
2019-05-08,97.02,97.5,93.6,94.46,571735.0,54253723.0
2019-05-07,101.0,101.1,94.7,96.72,819959.0,79315365.0
2019-05-06,102.3,103.7,101.4,103.65,199856.0,20579857.0
2019-05-03,105.1,106.4,104.8,105.5,155181.0,16392081.0
2019-05-02,106.75,107.0,104.85,105.1,247199.0,26028379.0
2019-04-30,107.3,107.8,106.5,107.15,212472.0,22744405.0
2019-04-29,108.0,108.5,107.0,107.75,110114.0,11860582.0
2019-04-26,107.5,107.75,106.7,107.65,160792.0,17268947.0
2019-04-25,108.5,108.5,106.55,107.7,226147.0,24368632.0
2019-04-24,109.05,110.3,108.35,109.1,238423.0,26021402.0
2019-04-23,109.95,110.25,108.8,110.15,195528.0,21497154.0
2019-04-18,110.25,110.8,109.1,110.25,122472.0,13488093.0
2019-04-17,109.0,111.45,108.85,110.75,257999.0,28562530.0
2019-04-16,108.4,109.35,108.15,109.35,189547.0,20685519.0
2019-04-15,107.8,108.2,107.55,108.2,161309.0,17426547.0
2019-04-12,104.9,107.25,103.95,107.25,196798.0,20993961.0
2019-04-11,103.05,105.35,103.05,104.9,248664.0,26044727.0
2019-04-10,103.2,103.55,102.65,103.2,220432.0,22742822.0
2019-04-09,102.8,103.5,102.05,102.7,150438.0,15463982.0
2019-04-08,103.0,103.1,102.05,102.75,171127.0,17555277.0
2019-04-05,101.85,103.9,101.85,103.6,218823.0,22605629.0
2019-04-04,101.85,102.2,101.1,101.75,150379.0,15299192.0
2019-04-03,101.45,102.7,100.95,102.05,263230.0,26848370.0
2019-04-02,99.64,101.15,99.64,100.8,217119.0,21831167.0
2019-04-01,97.98,99.5,97.98,99.38,273463.0,27104451.0
2019-03-29,96.72,97.18,95.52,96.38,249328.0,23993457.0
2019-03-28,96.46,97.26,95.7,95.86,161407.0,15526986.0
2019-03-27,96.6,97.04,95.6,96.26,210197.0,20236707.0
2019-03-26,95.84,96.76,94.8,96.0,201167.0,19310382.0
2019-03-25,96.18,96.38,94.2,95.12,287247.0,27339140.0
2019-03-22,100.25,100.75,96.28,96.4,300454.0,29281881.0
2019-03-21,100.8,100.8,99.7,100.15,165918.0,16622214.0
2019-03-20,101.7,101.9,100.4,100.7,159145.0,16037466.0
2019-03-19,101.25,103.0,101.25,102.2,172713.0,17680539.0
2019-03-18,101.05,101.6,100.7,101.25,193614.0,19600239.0
2019-03-15,100.7,101.2,100.25,100.55,256467.0,25806015.0
2019-03-14,100.2,101.4,99.9,100.5,150064.0,15095451.0
2019-03-13,99.32,100.8,99.18,100.65,213099.0,21382516.0
2019-03-12,99.26,99.86,98.7,99.3,232579.0,23111814.0
2019-03-11,97.5,98.7,96.88,98.46,175810.0,17245148.0
2019-03-08,97.6,97.7,96.6,97.06,226053.0,21935506.0
2019-03-07,100.4,100.45,97.86,98.56,291638.0,28786581.0
2019-03-06,100.8,101.85,100.35,101.0,172212.0,17402121.0
2019-03-05,103.0,103.0,100.55,100.8,282336.0,28572583.0
2019-03-04,101.6,103.1,101.55,102.7,228456.0,23442254.0
2019-03-01,100.25,101.95,99.68,101.0,338256.0,34187181.0
2019-02-28,96.5,98.42,96.1,98.42,345163.0,33820689.0
2019-02-27,101.0,101.8,96.64,96.64,617774.0,60327463.0
2019-02-26,100.05,102.2,99.42,102.2,325625.0,33123502.0
2019-02-25,100.35,101.45,100.05,100.1,197040.0,19768224.0
2019-02-22,99.6,100.55,99.44,100.3,181165.0,18157997.0
2019-02-21,100.65,100.65,99.2,99.58,182622.0,18216667.0
2019-02-20,99.44,100.95,98.28,100.85,216406.0,21626571.0
2019-02-19,99.42,100.1,98.74,99.32,268293.0,26668017.0
2019-02-18,98.86,99.98,98.72,99.7,236952.0,23576492.0
2019-02-15,95.76,99.08,95.64,98.74,196039.0,19224863.0
2019-02-14,98.58,98.94,96.24,96.52,255831.0,24931150.0
2019-02-13,97.58,98.6,96.5,97.58,246069.0,24023322.0
2019-02-12,95.3,96.6,95.1,96.0,305289.0,29295010.0
2019-02-11,93.26,95.38,93.26,94.5,291922.0,27610984.0
2019-02-08,93.24,94.76,92.48,92.8,322575.0,30028694.0
2019-02-07,97.8,97.8,93.74,93.74,278394.0,26378902.0
2019-02-06,98.02,98.28,97.12,98.1,195460.0,19129892.0
2019-02-05,95.7,98.48,95.5,98.38,262228.0,25646216.0
2019-02-04,95.76,95.86,94.08,95.7,161955.0,15432096.0
2019-02-01,96.14,96.14,94.88,95.48,174660.0,16660493.0
2019-01-31,97.2,97.56,94.56,95.08,350694.0,33551053.0
2019-01-30,94.94,96.18,94.4,96.1,184220.0,17634638.0
2019-01-29,95.14,95.14,93.8,94.68,191442.0,18087520.0
2019-01-28,95.56,97.26,94.4,94.9,284380.0,27111807.0
2019-01-25,93.34,95.74,93.3,95.54,185626.0,17683127.0
2019-01-24,92.74,93.94,92.16,92.94,155737.0,14485376.0
2019-01-23,92.84,93.5,92.04,92.54,150252.0,13942937.0
2019-01-22,93.5,94.02,92.48,92.8,163492.0,15212656.0
2019-01-21,95.6,96.0,93.6,93.6,194609.0,18280826.0
2019-01-18,94.64,95.94,94.36,95.76,230253.0,21947294.0
2019-01-17,93.02,93.48,91.5,93.08,190536.0,17684303.0
2019-01-16,91.44,93.1,91.38,93.1,248651.0,23033688.0
2019-01-15,91.8,91.92,90.2,91.16,211629.0,19257181.0
2019-01-14,91.88,92.04,90.62,91.6,199353.0,18219343.0
2019-01-11,93.54,93.54,91.42,91.88,182654.0,16796786.0
2019-01-10,93.42,93.6,91.54,92.5,225598.0,20787487.0
2019-01-09,92.92,93.8,92.18,93.5,266849.0,24920412.0
2019-01-08,89.98,92.76,89.7,91.86,281181.0,25758820.0
2019-01-07,90.88,90.88,88.88,89.6,161292.0,14440099.0
2019-01-04,86.26,90.0,86.26,89.82,340681.0,30243831.0
2019-01-03,86.0,87.0,84.68,85.12,232580.0,19909742.0
2019-01-02,86.68,87.36,85.44,87.28,189054.0,16433519.0
2018-12-31,88.14,88.14,87.02,87.32,52503.0,4591890.0
2018-12-28,87.0,87.9,86.62,87.24,127804.0,11162123.0
2018-12-27,88.5,89.2,85.44,86.18,229353.0,19832262.0
2018-12-24,86.68,87.7,86.68,86.68,59134.0,5147771.0
2018-12-21,86.6,87.84,86.04,87.84,376637.0,32946397.0
2018-12-20,87.72,87.74,86.8,87.0,285794.0,24924870.0
2018-12-19,89.32,90.0,88.78,89.44,283391.0,25332680.0
2018-12-18,86.7,88.86,86.12,88.62,343565.0,30325440.0
2018-12-17,89.34,89.34,86.26,87.28,274766.0,24009876.0
2018-12-14,89.24,89.62,86.86,89.16,269092.0,23816146.0
2018-12-13,90.38,91.36,90.0,90.36,292925.0,26520839.0
2018-12-12,90.14,90.76,89.3,90.02,267567.0,24058068.0
2018-12-11,88.0,90.76,88.0,89.38,333916.0,29911939.0
2018-12-10,91.0,91.0,87.3,87.54,661849.0,58606045.0
2018-12-07,91.66,94.08,91.66,92.66,238043.0,22074686.0
2018-12-06,95.4,95.5,90.92,91.06,479376.0,44013657.0
2018-12-05,95.92,97.94,95.28,96.34,303846.0,29424428.0
2018-12-04,97.82,98.38,96.54,96.58,282042.0,27337163.0
2018-12-03,101.0,101.8,98.2,98.6,372290.0,36937015.0
2018-11-30,97.0,97.28,94.42,95.52,348152.0,33201389.0
2018-11-29,95.5,97.08,95.08,96.44,285051.0,27407587.0
2018-11-28,95.4,95.4,93.86,94.46,211285.0,19960510.0
2018-11-27,96.12,96.34,94.24,95.08,290694.0,27673280.0
2018-11-26,95.5,96.0,94.8,95.8,206323.0,19730763.0
2018-11-23,95.0,95.7,93.68,94.56,187193.0,17677674.0
2018-11-22,96.84,96.84,94.02,94.32,357567.0,33887042.0
2018-11-21,96.56,97.12,95.78,96.96,349259.0,33753862.0
2018-11-20,100.5,100.75,95.4,96.32,564111.0,54786834.0
2018-11-19,103.45,103.85,100.55,100.85,204400.0,20709455.0
2018-11-16,104.3,104.6,101.5,102.8,230486.0,23690028.0
2018-11-15,103.65,104.6,102.4,103.8,275835.0,28576648.0
2018-11-14,103.05,103.85,101.45,102.65,252810.0,25981647.0
2018-11-13,102.0,103.95,102.0,103.35,319629.0,32976659.0
2018-11-12,102.3,103.55,101.6,101.7,354209.0,36160370.0
2018-11-09,100.2,102.55,99.68,101.95,377704.0,38380771.0
2018-11-08,100.5,102.65,98.2,99.52,411668.0,41155646.0
2018-11-07,100.95,102.5,100.5,101.4,290998.0,29518414.0
2018-11-06,102.1,102.45,98.86,100.15,354422.0,35521930.0
2018-11-05,103.35,103.35,101.65,102.05,160597.0,16423685.0
2018-11-02,102.1,105.0,102.05,103.0,214834.0,22245466.0
2018-11-01,100.55,101.6,99.86,101.05,185536.0,18747348.0
2018-10-31,100.0,101.7,100.0,100.65,293157.0,29582374.0
2018-10-30,100.65,100.75,96.42,98.6,390242.0,38320956.0
2018-10-29,99.78,101.45,99.2,100.55,236262.0,23833767.0
2018-10-26,99.02,99.14,97.04,98.96,295509.0,28992224.0
2018-10-25,96.52,99.46,96.18,99.38,335505.0,33110453.0
2018-10-24,100.0,100.6,97.6,97.6,214174.0,21112333.0
2018-10-23,102.0,102.0,98.9,99.1,487769.0,48590256.0
2018-10-22,103.4,104.2,102.4,102.6,160923.0,16575613.0
2018-10-19,104.0,104.85,102.4,102.55,284623.0,29352777.0
2018-10-18,105.3,106.35,104.45,104.45,169060.0,17757710.0
2018-10-17,107.25,108.45,105.3,105.7,211048.0,22528143.0
2018-10-16,104.8,106.95,103.65,106.35,232274.0,24656542.0
2018-10-15,105.8,106.1,103.7,104.8,243243.0,25443968.0
2018-10-12,107.2,107.25,105.3,105.45,228223.0,24190202.0
2018-10-11,108.0,108.15,105.35,105.55,564859.0,60022103.0
2018-10-10,115.2,115.25,108.45,108.45,437614.0,48098412.0
2018-10-09,115.3,115.55,112.8,115.15,269728.0,30939198.0
2018-10-08,114.6,114.9,112.95,113.95,253536.0,28876705.0
2018-10-05,117.35,117.35,114.75,114.8,200064.0,23070869.0
2018-10-04,118.4,118.8,116.6,117.35,274397.0,32168246.0
2018-10-03,117.5,118.9,116.95,118.8,225011.0,26640243.0
2018-10-02,116.15,116.65,114.95,116.65,199521.0,23200255.0
2018-10-01,115.85,117.25,115.8,116.75,168788.0,19703327.0
2018-09-28,114.7,115.55,114.15,115.5,299030.0,34410150.0
2018-09-27,115.65,115.65,114.15,114.7,163708.0,18767970.0
2018-09-26,116.7,116.8,115.15,115.8,240582.0,27870005.0
2018-09-25,116.55,117.95,116.0,116.85,255019.0,29832480.0
2018-09-24,116.5,117.75,115.6,117.05,284470.0,33309528.0
2018-09-21,117.55,118.45,116.5,116.5,2022057.0,235971449.0
2018-09-20,116.25,117.8,116.25,117.45,358614.0,42080963.0
2018-09-19,114.0,116.75,113.9,116.5,291086.0,33791322.0
2018-09-18,113.75,114.45,113.3,114.0,276221.0,31451749.0
2018-09-17,111.95,114.15,111.55,113.5,340835.0,38639445.0
2018-09-14,111.1,112.65,110.15,112.6,444464.0,49735827.0
2018-09-13,110.75,111.3,110.3,110.4,105364.0,11659016.0
2018-09-12,110.2,111.45,110.1,110.45,138159.0,15286394.0
2018-09-11,111.1,111.1,109.5,110.3,182139.0,20065104.0
2018-09-10,110.7,111.5,110.15,111.1,137874.0,15310490.0
2018-09-07,111.0,111.15,109.7,110.7,233996.0,25839018.0
2018-09-06,111.6,111.95,110.2,111.0,322310.0,35741249.0
2018-09-05,112.0,112.75,111.4,112.0,279550.0,31346678.0
2018-09-04,114.8,114.9,112.25,112.4,238092.0,26877956.0
2018-09-03,114.3,114.8,114.15,114.7,112159.0,12846314.0
2018-08-31,116.1,116.1,114.4,114.65,235201.0,27017923.0
2018-08-30,117.05,117.05,115.5,116.1,158114.0,18369347.0
2018-08-29,116.8,117.5,116.6,117.3,203015.0,23789043.0
2018-08-28,116.0,117.25,116.0,116.55,188455.0,21983349.0
2018-08-27,114.95,116.1,114.8,115.7,170473.0,19712332.0
2018-08-24,114.35,115.0,114.1,114.45,122593.0,14036248.0
2018-08-23,114.6,115.3,114.25,114.25,161195.0,18475433.0
2018-08-22,115.05,115.45,114.65,114.85,210547.0,24215486.0
2018-08-21,113.8,115.2,113.65,115.0,182746.0,20983077.0
2018-08-20,113.5,114.75,113.5,113.75,168179.0,19185708.0
2018-08-17,114.05,114.05,112.25,113.0,169707.0,19167335.0
2018-08-16,112.75,114.15,112.65,114.15,298276.0,33929157.0
2018-08-15,114.65,114.65,111.8,112.4,225429.0,25434074.0
2018-08-14,114.75,115.35,113.9,114.35,148770.0,17018739.0
2018-08-13,114.25,114.7,113.5,114.4,204308.0,23332546.0
2018-08-10,115.5,115.5,113.75,114.65,287093.0,32855188.0
2018-08-09,115.5,116.05,114.7,116.0,218969.0,25324198.0
2018-08-08,114.8,115.85,114.5,115.2,140816.0,16231459.0
2018-08-07,114.0,115.35,113.85,114.85,189167.0,21717589.0
2018-08-06,114.1,114.45,113.15,113.9,192225.0,21865066.0
2018-08-03,114.5,114.7,113.8,114.05,175193.0,20001421.0
2018-08-02,115.95,116.05,113.85,114.1,319478.0,36615470.0
2018-08-01,117.9,118.15,116.6,116.65,283423.0,33220035.0
2018-07-31,116.0,118.65,115.1,117.25,627347.0,73484329.0
2018-07-30,112.4,114.25,111.95,113.35,329291.0,37347474.0
2018-07-27,110.55,112.7,110.55,112.65,367649.0,41267846.0
2018-07-26,109.9,111.35,109.85,110.6,239259.0,26477506.0
2018-07-25,110.55,110.8,109.2,109.3,204747.0,22449428.0
2018-07-24,109.0,111.6,108.95,110.6,349873.0,38704864.0
2018-07-23,109.4,109.4,108.35,108.6,158229.0,17206878.0
2018-07-20,110.0,110.0,108.25,109.5,264737.0,28923548.0
2018-07-19,110.3,110.95,109.8,110.05,219384.0,24170429.0
2018-07-18,109.0,110.55,108.85,110.15,287815.0,31629345.0
2018-07-17,107.05,109.15,106.7,108.9,327206.0,35471195.0
2018-07-16,107.4,107.6,106.85,107.0,150196.0,16082671.0
2018-07-13,106.6,107.65,106.6,107.2,201858.0,21640644.0
2018-07-12,106.55,107.25,106.25,106.35,207728.0,22145571.0
2018-07-11,107.25,107.25,105.95,106.25,236402.0,25144363.0
2018-07-10,107.15,108.7,107.15,108.05,244557.0,26440860.0
2018-07-09,107.65,107.8,106.55,107.0,153131.0,16394588.0
2018-07-06,107.7,107.8,106.25,106.85,215299.0,23006424.0
2018-07-05,106.0,108.65,106.0,107.35,314019.0,33779170.0
2018-07-04,107.6,107.6,105.15,105.8,208688.0,22099208.0
2018-07-03,108.4,108.4,107.55,107.7,227896.0,24606580.0
2018-07-02,107.65,108.25,106.45,107.75,203169.0,21870033.0
2018-06-29,108.1,108.85,107.8,108.15,297516.0,32215407.0
2018-06-28,108.5,109.05,106.65,107.2,275051.0,29594736.0
2018-06-27,108.0,109.7,106.5,108.85,296829.0,32124027.0
2018-06-26,108.6,109.05,108.05,108.05,255725.0,27724347.0
2018-06-25,110.2,110.55,108.25,108.45,217122.0,23641145.0
2018-06-22,110.1,111.2,109.95,110.8,204502.0,22641814.0
2018-06-21,112.0,112.25,109.4,109.9,293541.0,32339894.0
2018-06-20,111.75,112.5,111.5,111.75,240055.0,26862190.0
2018-06-19,111.1,111.65,110.05,111.25,382590.0,42502841.0
2018-06-18,112.3,112.8,111.35,112.2,260680.0,29199771.0
2018-06-15,113.45,113.95,112.6,112.65,565522.0,63897646.0
2018-06-14,113.15,113.8,112.3,113.4,245507.0,27797519.0
2018-06-13,113.7,114.45,113.15,113.7,153887.0,17505465.0
2018-06-12,114.8,115.25,113.5,113.6,233087.0,26546148.0
2018-06-11,114.95,115.1,113.95,114.3,170607.0,19514137.0
2018-06-08,113.2,114.2,112.6,114.1,210419.0,23912988.0
2018-06-07,115.6,116.55,113.45,113.9,228228.0,26130440.0
2018-06-06,114.75,115.4,113.65,115.05,225826.0,25902840.0
2018-06-05,115.5,116.35,114.8,114.8,290358.0,33515776.0
2018-06-04,116.6,116.85,115.6,115.7,193721.0,22445351.0
2018-06-01,115.6,116.65,115.4,115.9,342508.0,39725997.0
2018-05-31,117.75,118.0,115.0,115.0,560175.0,64708319.0
2018-05-30,116.9,117.45,116.0,117.35,254842.0,29808838.0
2018-05-29,117.25,117.5,115.45,116.6,324441.0,37827359.0
2018-05-28,119.0,119.0,117.7,118.0,200319.0,23666491.0
2018-05-25,117.5,118.3,117.35,118.25,290222.0,34229376.0
2018-05-24,116.8,117.75,116.55,117.05,330218.0,38644125.0
2018-05-23,116.9,118.9,115.1,116.3,370540.0,43135095.0
2018-05-22,117.0,117.4,116.45,116.45,220848.0,25777025.0
2018-05-21,117.5,117.7,116.45,116.75,178375.0,20869001.0
2018-05-18,119.3,119.3,117.3,118.05,266446.0,31500289.0
2018-05-17,117.9,119.7,117.2,119.2,392684.0,46693590.0
2018-05-16,116.0,117.4,115.75,117.2,193858.0,22671060.0
2018-05-15,115.1,116.05,114.5,116.0,251390.0,29097853.0
2018-05-14,116.0,116.1,114.6,115.05,204865.0,23576573.0
2018-05-11,116.25,116.6,115.5,116.1,130522.0,15147648.4
2018-05-10,115.3,115.9,114.25,115.9,221412.0,25550565.0
2018-05-09,114.1,115.1,113.85,115.1,195890.0,22476256.4
2018-05-08,113.0,114.1,112.2,113.9,320311.0,36383218.65
2018-05-07,112.5,114.35,112.25,113.0,241553.0,27404759.25
2018-05-04,111.0,112.7,110.5,112.25,408267.0,45708128.65
2018-05-03,116.5,116.65,110.6,111.0,792159.0,89404512.2
2018-05-02,115.35,118.0,114.85,117.75,524280.0,61353205.65
2018-04-30,116.5,116.95,115.6,115.6,283269.0,32812831.7
2018-04-27,116.1,117.05,116.05,116.8,202855.0,23665666.75
2018-04-26,114.6,115.7,114.0,115.55,232804.0,26798570.2
2018-04-25,116.55,116.9,114.15,114.65,318436.0,36662940.1
2018-04-24,116.3,117.25,115.9,117.25,239502.0,27990097.35
2018-04-23,115.75,116.85,115.2,116.85,212684.0,24723320.25
2018-04-20,115.05,115.8,114.25,115.6,207852.0,23955072.5
2018-04-19,114.6,115.4,114.55,115.05,149615.0,17207744.3
2018-04-18,114.5,114.9,114.05,114.7,154497.0,17699558.5
2018-04-17,114.5,115.15,113.45,114.6,243149.0,27821399.9
2018-04-16,114.7,114.9,113.45,113.75,169329.0,19301837.9
2018-04-13,113.8,115.5,113.8,114.75,205917.0,23646457.6
2018-04-12,112.95,113.65,112.1,113.55,358844.0,40643880.4
2018-04-11,113.35,113.4,111.75,112.55,240302.0,27049093.2
2018-04-10,113.25,113.6,112.35,113.35,227884.0,25785977.25
2018-04-09,113.15,114.35,111.3,112.25,297476.0,33425741.775
2018-04-06,112.35,113.4,111.75,113.0,330486.0,37308452.24
2018-04-05,111.55,112.95,111.15,112.6,280049.0,31447178.6
2018-04-04,112.1,112.15,109.2,109.8,359443.0,39475780.65
2018-04-03,112.05,112.3,110.5,112.0,296219.0,33036638.95
2018-03-29,113.2,113.65,112.1,112.85,296102.0,33389530.2
2018-03-28,113.5,113.5,111.85,113.1,296342.0,33417815.7
2018-03-27,112.0,115.25,112.0,114.35,336454.0,38385696.25
2018-03-26,112.85,113.0,110.65,111.1,212362.0,23404051.75
2018-03-23,113.15,113.6,111.05,112.35,379247.0,42589507.65
2018-03-22,116.05,116.15,113.2,114.3,402598.0,46047632.2
2018-03-21,115.0,116.8,114.2,116.45,285305.0,33021406.9
2018-03-20,114.35,115.25,114.35,115.05,234112.0,26901151.65
2018-03-19,114.95,114.95,113.6,114.1,270583.0,30884968.65
2018-03-16,114.5,115.25,114.3,114.8,287975.0,33067100.75
2018-03-15,114.3,114.95,113.65,114.6,193179.0,22109050.95
2018-03-14,115.35,115.5,113.8,113.85,288924.0,33023080.6
2018-03-13,116.5,117.45,114.9,115.35,236651.0,27419151.1
2018-03-12,117.15,117.7,116.2,116.6,173831.0,20332793.75
2018-03-09,116.0,117.5,115.4,116.7,274949.0,32053846.7
2018-03-08,113.55,117.1,113.35,116.25,487613.0,56564348.3
2018-03-07,111.7,113.75,111.0,113.45,257550.0,29075029.85
2018-03-06,112.0,113.15,111.75,112.0,362391.0,40735269.0
2018-03-05,109.25,111.6,109.25,111.6,319281.0,35443854.55
2018-03-02,111.2,111.4,108.95,109.55,412716.0,45265668.35
2018-03-01,113.0,113.55,111.05,111.5,397113.0,44494326.35
2018-02-28,115.7,115.95,113.0,113.1,465507.0,52903350.55
2018-02-27,116.1,117.25,115.55,117.25,281910.0,32904882.8
2018-02-26,114.95,116.35,114.85,116.15,270074.0,31298878.3
2018-02-23,115.0,115.05,114.2,114.6,180464.0,20685883.45
2018-02-22,113.55,115.0,112.95,114.75,226842.0,25899108.65
2018-02-21,113.5,114.2,112.8,114.0,155641.0,17625540.55
2018-02-20,111.9,114.1,111.9,113.9,215423.0,24467205.3
2018-02-19,112.7,113.1,111.8,111.8,148101.0,16621445.95
2018-02-16,112.9,113.6,111.9,112.1,181841.0,20463683.15
2018-02-15,111.25,112.6,111.0,112.3,298181.0,33423442.2
2018-02-14,109.35,111.1,108.4,110.8,381118.0,42043403.7
2018-02-13,109.2,109.9,108.8,108.9,220299.0,24062744.9
2018-02-12,110.2,111.0,108.95,109.05,348424.0,38217159.05
2018-02-09,109.5,110.1,108.25,109.0,437629.0,47738698.85
2018-02-08,111.6,111.75,109.4,109.7,354132.0,39072752.0
2018-02-07,112.25,112.9,110.75,112.2,334509.0,37419251.75
2018-02-06,109.4,112.55,108.45,111.1,599239.0,66380206.4
2018-02-05,113.0,113.0,111.9,112.1,285512.0,32081638.4
2018-02-02,115.6,115.8,113.25,113.3,296149.0,33750547.9
2018-02-01,116.9,117.7,115.4,115.6,257173.0,29881012.35
2018-01-31,118.0,118.6,116.45,116.55,328677.0,38485136.45
2018-01-30,118.8,119.3,118.0,118.1,176985.0,20956940.85
2018-01-29,119.8,119.85,119.2,119.3,143594.0,17151043.65
2018-01-26,118.8,119.5,118.6,119.45,215224.0,25652343.4
2018-01-25,118.85,119.3,118.45,118.85,296122.0,35191581.8
2018-01-24,118.65,119.0,118.3,118.35,216427.0,25643384.45
2018-01-23,120.3,120.3,118.6,118.8,172391.0,20530196.05
2018-01-22,119.8,120.1,119.25,119.6,152545.0,18247391.15
2018-01-19,119.2,120.1,119.0,119.45,292275.0,34978670.9
2018-01-18,118.05,119.2,117.95,119.1,297447.0,35321191.85
2018-01-17,118.5,118.85,117.7,117.85,287788.0,34015011.9
2018-01-16,118.7,119.3,117.8,118.5,310114.0,36784310.0
2018-01-15,119.5,119.9,119.25,119.65,244021.0,29191928.05
2018-01-12,118.55,119.45,117.75,119.4,258055.0,30668632.2
2018-01-11,118.15,118.45,117.3,118.1,233109.0,27469448.2
2018-01-09,119.2,119.8,118.85,119.6,187995.0,22455086.4
2018-01-08,120.5,120.65,118.85,118.85,295506.0,35296443.1
2018-01-05,118.9,120.4,118.65,119.9,336896.0,40401770.8
2018-01-04,118.0,118.75,117.25,118.5,333561.0,39445912.7
2018-01-03,115.0,116.65,114.95,116.05,237054.0,27434017.5
2018-01-02,116.0,116.15,114.5,114.95,220831.0,25391198.1
2017-12-29,116.55,117.4,115.75,115.9,154551.0,17965595.15
2017-12-28,116.45,116.95,116.05,116.55,119775.0,13955307.45
2017-12-27,116.0,116.65,115.75,116.45,181409.0,21086474.5
2017-12-22,115.65,116.4,115.25,115.9,207737.0,24081451.55
2017-12-21,115.4,116.4,115.25,116.0,235171.0,27282628.0
2017-12-20,116.3,116.65,115.4,115.6,225916.0,26199223.25
2017-12-19,117.5,117.65,116.25,116.3,239277.0,27948477.35
2017-12-18,117.05,118.35,117.05,117.7,248130.0,29248587.7
2017-12-15,116.0,116.9,115.65,116.85,385872.0,45028340.55
2017-12-14,116.75,117.4,116.35,116.35,262598.0,30661209.75
2017-12-13,117.8,117.8,115.95,116.7,299456.0,34921725.9
2017-12-12,116.95,118.2,116.5,117.9,262924.0,30949618.25
2017-12-11,116.95,117.25,116.65,117.15,146792.0,17181861.1
2017-12-08,116.75,117.35,116.5,116.55,230957.0,26980864.2
2017-12-07,117.6,117.8,116.3,116.3,259184.0,30236349.25
2017-12-06,116.15,117.3,115.55,117.1,279414.0,32536452.2
2017-12-05,117.25,118.0,116.65,117.0,231761.0,27164680.5
2017-12-04,117.7,118.2,116.85,117.1,260269.0,30536813.05
2017-12-01,118.0,118.25,115.85,116.6,399417.0,46719604.95
2017-11-30,117.7,119.35,117.65,118.2,365133.0,43222885.25
2017-11-29,118.25,119.15,117.55,117.65,220851.0,26136845.45
2017-11-28,117.55,118.5,116.9,117.8,433195.0,50980331.804
2017-11-27,119.05,119.7,117.75,118.35,284513.0,33734653.65
2017-11-24,119.0,120.0,118.85,119.25,196440.0,23465834.3
2017-11-23,119.0,120.1,118.4,119.35,255237.0,30493512.9
2017-11-22,120.7,121.45,119.45,119.45,271847.0,32672020.2
2017-11-21,121.6,122.45,120.45,120.45,445263.0,53914396.75
2017-11-20,120.7,122.4,120.25,121.85,243602.0,29635282.2
2017-11-17,121.35,121.4,120.4,121.05,233822.0,28272558.4
2017-11-16,120.8,121.3,120.35,121.0,239055.0,28902630.15
2017-11-15,120.3,120.85,119.7,120.3,420013.0,50472496.15
2017-11-14,122.35,123.7,120.45,120.75,408117.0,49604713.65
2017-11-13,123.35,123.65,121.75,122.1,328515.0,40100419.4
2017-11-10,124.15,125.35,122.5,123.15,419408.0,51813700.55
2017-11-09,126.35,126.65,124.05,124.5,523184.0,65370211.6
2017-11-08,128.0,128.0,124.25,126.7,992740.0,124897537.95
2017-11-07,129.7,132.0,129.7,131.25,406589.0,53384029.05
2017-11-06,130.1,131.1,130.0,130.0,210976.0,27232706.4
2017-11-03,129.15,130.8,128.85,130.7,231719.0,30159079.15
2017-11-01,128.0,129.85,127.85,129.45,230349.0,29784037.25
2017-10-31,126.45,127.8,126.2,127.55,222595.0,28342101.55
2017-10-30,126.3,127.1,125.7,126.0,235263.0,29708593.8
2017-10-27,127.05,128.45,126.35,126.35,440653.0,55957399.9
2017-10-26,123.5,127.4,123.5,126.95,382696.0,48270989.9
2017-10-25,123.75,124.8,123.25,123.5,288392.0,35750407.7
2017-10-24,125.0,125.3,123.5,124.35,254274.0,31585868.7
2017-10-23,124.75,125.95,124.45,125.4,202679.0,25409237.45
2017-10-20,124.45,125.35,124.35,124.9,252003.0,31479574.25
2017-10-19,124.75,125.05,123.6,124.0,281085.0,34868996.85
2017-10-18,124.75,125.9,124.55,125.1,179859.0,22527008.65
2017-10-17,125.85,126.05,124.6,124.6,207913.0,26016958.85
2017-10-16,126.75,127.3,126.05,126.05,226087.0,28577377.65
2017-10-13,126.15,127.2,125.8,126.85,196588.0,24888576.2
2017-10-12,124.65,125.85,124.4,125.8,148568.0,18608687.4
2017-10-11,124.8,125.15,123.75,124.9,181052.0,22545909.9
2017-10-10,126.2,126.4,124.85,124.9,194360.0,24338301.35
2017-10-09,125.45,126.45,125.45,126.2,130283.0,16435407.7
2017-10-06,126.65,126.9,125.25,125.7,140078.0,17646016.25
2017-10-05,126.5,127.45,126.25,126.6,163734.0,20766517.6
2017-10-04,126.2,127.1,126.1,126.9,143499.0,18174056.9
2017-10-03,126.45,127.3,126.05,126.4,133553.0,16925097.95
2017-10-02,126.0,126.85,126.0,126.25,176642.0,22323115.05
2017-09-29,126.75,127.05,125.15,126.4,341916.0,43089345.6
2017-09-28,125.55,128.05,125.55,128.05,263006.0,33446101.3
2017-09-27,125.05,126.1,124.75,125.9,221366.0,27818606.35
2017-09-26,124.15,125.55,124.0,125.05,183727.0,22961872.7
2017-09-25,125.0,125.25,124.0,124.2,206739.0,25724123.85
2017-09-22,125.8,126.3,124.8,125.65,189935.0,23870696.9
2017-09-21,125.65,126.65,124.35,126.45,266636.0,33493366.8
2017-09-20,126.65,126.65,124.0,125.5,335729.0,42018741.75
2017-09-19,128.65,128.8,126.25,126.9,394707.0,50121240.85
2017-09-18,126.95,128.75,126.75,128.65,203428.0,26060701.2
2017-09-15,126.3,126.9,125.45,126.5,347814.0,43951989.95
2017-09-14,125.0,126.55,124.8,126.3,178603.0,22514190.9
2017-09-13,125.5,126.15,125.3,125.3,192393.0,24139962.3
2017-09-12,126.0,126.6,125.85,126.05,139557.0,17609475.4
2017-09-11,124.1,125.95,124.05,125.75,207013.0,25962173.65
2017-09-08,122.45,123.8,122.1,123.8,173877.0,21422646.15
2017-09-07,122.8,123.6,122.7,122.75,164859.0,20275941.15
2017-09-06,121.75,122.35,121.45,122.25,153677.0,18752866.05
2017-09-05,122.6,123.65,122.4,122.6,151266.0,18569620.25
2017-09-04,122.05,123.0,122.0,122.85,96008.0,11778826.7
2017-09-01,122.35,123.55,122.15,122.9,156127.0,19197291.7
2017-08-31,121.85,122.7,121.6,121.85,226730.0,27683793.8
2017-08-30,121.1,121.9,121.0,121.25,174390.0,21174708.05
2017-08-29,121.1,121.3,119.7,120.5,252798.0,30436061.45
2017-08-28,122.75,122.95,121.05,122.1,110576.0,13500161.05
2017-08-25,123.6,124.2,123.15,123.2,151133.0,18676206.2
2017-08-24,123.5,124.25,123.1,123.65,128634.0,15907327.4
2017-08-23,123.1,123.95,122.95,123.55,133179.0,16452379.7
2017-08-22,121.9,123.4,121.9,123.2,126095.0,15501688.3
2017-08-21,122.15,122.15,121.3,121.7,131359.0,15992609.7
2017-08-18,121.9,122.6,120.55,122.5,186943.0,22735221.0
2017-08-17,123.15,123.45,122.05,122.9,197937.0,24303368.05
2017-08-16,122.2,123.75,122.2,123.4,204226.0,25156745.25
2017-08-15,122.4,122.75,121.65,122.0,116943.0,14272514.8
2017-08-14,121.15,122.4,120.95,122.1,131657.0,16069582.35
2017-08-11,121.0,121.15,119.6,120.6,197910.0,23845945.4
2017-08-10,122.45,122.65,121.2,121.7,250042.0,30482933.45
2017-08-09,124.0,124.0,121.85,122.45,216753.0,26551085.85
2017-08-08,124.1,125.05,123.5,124.85,210940.0,26285339.3
2017-08-07,124.8,124.95,123.95,124.2,198758.0,24713852.1
2017-08-04,124.55,124.9,123.85,124.45,301597.0,37526171.1
2017-08-03,122.55,124.6,121.9,124.55,378880.0,46836862.55
2017-08-02,124.05,124.8,121.85,122.3,312178.0,38372328.3
2017-08-01,122.8,124.1,119.6,123.6,495568.0,60592755.3
2017-07-31,121.25,122.55,121.05,121.3,333155.0,40499782.85
2017-07-28,122.05,122.05,120.75,121.25,223812.0,27134215.55
2017-07-27,123.45,124.1,122.4,122.6,213271.0,26215714.95
2017-07-26,122.75,123.95,122.15,123.75,211735.0,26155156.05
2017-07-25,121.75,123.4,121.75,122.85,310149.0,38034208.35
2017-07-24,121.6,122.3,120.8,121.95,176850.0,21537925.55
2017-07-21,123.55,123.95,120.45,121.55,274616.0,33504957.05
2017-07-20,125.75,126.6,123.6,123.9,177970.0,22225130.0
2017-07-19,123.75,125.1,123.35,125.1,164541.0,20461917.35
2017-07-18,125.0,125.1,123.25,123.3,197535.0,24438679.25
2017-07-17,123.95,125.5,123.7,125.5,209165.0,26129102.9
2017-07-14,123.05,124.25,122.95,123.9,170585.0,21123772.05
2017-07-13,122.2,123.45,122.05,123.05,191646.0,23574536.6
2017-07-12,120.8,122.45,120.7,122.3,208500.0,25413624.99
2017-07-11,120.85,120.85,119.7,120.65,249652.0,30082435.85
2017-07-10,120.35,120.95,120.05,120.7,141694.0,17090897.45
2017-07-07,120.3,120.75,119.5,120.1,196353.0,23597002.1
2017-07-06,120.3,120.9,119.25,120.35,268285.0,32237202.2
2017-07-05,118.95,120.6,118.65,120.45,302503.0,36319449.45
2017-07-04,119.95,119.95,118.75,118.8,154211.0,18359728.75
2017-07-03,117.95,120.4,117.95,120.2,207268.0,24818857.1
2017-06-30,117.95,118.85,117.45,117.5,183121.0,21590639.15
2017-06-29,119.6,119.7,117.5,118.25,305319.0,36166538.15
2017-06-28,118.75,119.1,117.8,119.1,231752.0,27467124.0
2017-06-27,120.75,120.9,118.8,119.0,251592.0,30107937.8
2017-06-26,120.0,121.75,119.95,120.7,214552.0,25984770.2
2017-06-23,119.85,120.05,118.85,119.8,156281.0,18686242.85
2017-06-22,120.8,120.9,119.75,120.15,196640.0,23640463.65
2017-06-21,121.0,121.55,119.9,121.0,158643.0,19177136.35
2017-06-20,123.05,123.65,121.35,121.35,229574.0,28038019.8
2017-06-19,121.45,123.2,121.15,122.85,238879.0,29303479.7
2017-06-16,120.8,122.05,119.9,121.15,737123.0,89256603.85
2017-06-15,121.0,121.35,119.95,120.9,312736.0,37714667.95
2017-06-14,122.0,122.7,121.3,121.3,327577.0,39912055.1
2017-06-13,120.0,122.5,119.7,121.7,469805.0,57099250.5
2017-06-12,119.35,120.0,118.9,119.85,260625.0,31169263.15
2017-06-09,117.65,119.75,117.65,119.6,325936.0,38802753.75
2017-06-08,116.55,117.75,116.2,117.5,274101.0,32127784.95
2017-06-07,116.3,117.7,115.45,116.7,251932.0,29425585.55
2017-06-06,116.95,116.95,116.1,116.45,147103.0,17141274.8
2017-06-05,118.0,118.3,116.65,116.95,131726.0,15421465.8
2017-06-02,117.5,119.0,117.35,118.05,223483.0,26415841.85
2017-06-01,116.5,117.45,116.05,117.25,283005.0,33083083.2
2017-05-31,118.15,118.3,116.4,116.4,364203.0,42601145.3
2017-05-29,117.7,118.8,117.05,118.35,107306.0,12688170.65
2017-05-26,117.45,117.6,116.35,117.6,147713.0,17311413.5
2017-05-25,118.0,118.35,116.65,117.5,127573.0,14980680.1
2017-05-24,118.5,118.55,116.95,117.45,256640.0,30200472.9
2017-05-23,117.3,118.55,117.3,118.5,177275.0,20956876.45
2017-05-22,118.1,118.95,117.3,117.5,217290.0,25616125.75
2017-05-19,117.55,118.5,116.95,117.7,254446.0,29930415.85
2017-05-18,118.0,118.6,115.85,117.5,473836.0,55469493.8
2017-05-17,120.2,120.35,117.75,118.3,281085.0,33451629.7
2017-05-16,121.45,121.6,119.55,120.65,270589.0,32565597.85
2017-05-15,119.1,121.1,119.1,121.05,286176.0,34478857.75
2017-05-12,119.55,120.55,118.2,118.9,339235.0,40439214.1
2017-05-11,122.3,122.8,121.1,121.45,264239.0,32217684.9
2017-05-10,121.65,122.6,121.5,122.3,246702.0,30087993.8
2017-05-09,121.5,123.0,120.75,122.05,307302.0,37499371.6
2017-05-08,124.75,124.75,122.0,122.7,389366.0,47770798.75
2017-05-05,122.45,124.65,122.25,124.5,267257.0,33066541.2
2017-05-04,121.5,124.25,121.25,123.05,549685.0,67562103.3
2017-05-03,119.5,121.75,119.1,120.85,523606.0,63028821.0
2017-05-02,116.9,118.0,116.0,117.65,389664.0,45741414.875
2017-04-28,115.65,116.95,115.65,116.75,219552.0,25573586.3
2017-04-27,115.75,116.4,115.25,116.1,207379.0,24028364.15
2017-04-26,115.15,116.5,115.15,116.3,245717.0,28558300.75
2017-04-25,116.0,116.85,115.75,115.85,218218.0,25317342.1
2017-04-24,114.2,116.9,114.2,116.75,403814.0,46844775.2
2017-04-21,112.85,113.2,111.65,111.8,270697.0,30314574.05
2017-04-20,112.4,112.55,111.15,112.5,374611.0,41966916.15
2017-04-19,113.0,114.05,112.95,113.1,185386.0,21007342.5
2017-04-18,114.65,114.95,113.0,113.0,236624.0,26917209.05
2017-04-13,113.75,114.7,113.7,114.45,195485.0,22354501.3
2017-04-12,114.75,115.25,113.9,114.2,218003.0,24975005.55
2017-04-11,114.5,115.2,113.75,114.4,194848.0,22345274.95
2017-04-10,114.35,115.3,114.3,114.6,195406.0,22433694.55
2017-04-07,113.6,114.55,113.5,114.55,159823.0,18250856.15
2017-04-06,113.75,114.5,113.5,114.2,143869.0,16415959.1
2017-04-05,114.1,115.15,113.85,114.55,265989.0,30456149.95
2017-04-04,114.85,115.25,113.85,114.1,190330.0,21743789.7
2017-04-03,114.55,115.75,114.55,114.85,192475.0,22170293.9
2017-03-31,113.7,114.6,113.5,114.55,218705.0,24970512.35
2017-03-30,113.0,114.2,113.0,114.1,228800.0,26047799.6
2017-03-29,111.8,113.3,111.7,113.3,220682.0,24903840.5
2017-03-28,110.3,111.65,110.1,111.65,158634.0,17605226.05
2017-03-27,110.4,110.95,109.6,109.95,176171.0,19402888.85
2017-03-23,108.75,111.55,108.55,111.5,341561.0,37707250.8
2017-03-22,108.25,109.0,107.35,108.65,386524.0,41855100.4
2017-03-21,111.2,111.3,108.85,108.9,329593.0,36173338.85
2017-03-20,111.5,111.7,110.5,111.05,165754.0,18403671.95
2017-03-17,111.3,112.1,111.0,111.95,330721.0,36936215.45
2017-03-16,112.05,112.9,111.4,111.7,225356.0,25239062.7
2017-03-15,110.65,111.9,110.45,111.4,189010.0,21053002.55
2017-03-14,110.8,111.05,110.35,110.55,204168.0,22584596.8
2017-03-13,109.65,110.85,108.85,110.85,262138.0,28846035.85
2017-03-10,111.1,111.5,109.25,109.45,272003.0,29924883.9
2017-03-09,110.75,111.3,110.15,111.0,184517.0,20426880.6
2017-03-08,109.2,111.05,109.0,110.95,262848.0,29074037.6
2017-03-07,109.9,109.95,109.1,109.7,177825.0,19481551.5
2017-03-06,110.4,110.45,109.5,109.65,231248.0,25404936.05
2017-03-03,110.6,111.0,109.85,110.65,232837.0,25749861.85
2017-03-02,111.7,112.25,110.7,111.1,258465.0,28799453.0
2017-03-01,110.45,111.75,110.3,111.6,252977.0,28136838.8
2017-02-28,110.3,110.5,108.4,109.95,343646.0,37656098.85
2017-02-27,110.9,111.05,109.65,110.0,316676.0,34905290.1
2017-02-24,113.0,114.0,110.65,111.95,461045.0,51622618.9
2017-02-23,115.2,115.55,114.25,114.7,213525.0,24545920.4
2017-02-22,116.4,116.8,114.5,115.1,334892.0,38652777.35
2017-02-21,115.95,116.75,115.2,116.35,242220.0,28097130.0
2017-02-20,116.15,116.95,115.9,116.25,200083.0,23260117.6
2017-02-17,115.0,116.55,114.95,115.9,494985.0,57194744.1
2017-02-16,113.35,114.1,113.35,113.9,189161.0,21519223.45
2017-02-15,112.5,113.7,111.85,113.65,248359.0,28082604.4
2017-02-14,113.25,113.25,112.3,112.55,190827.0,21520736.45
2017-02-13,110.9,113.5,110.9,113.1,289187.0,32568284.3
2017-02-10,109.75,110.85,109.5,110.85,237954.0,26287780.2
2017-02-09,108.65,109.5,107.8,109.4,198184.0,21553089.96
2017-02-08,108.35,108.7,107.8,108.55,170892.0,18520898.85
2017-02-07,107.5,108.4,107.2,108.15,199250.0,21514411.25
2017-02-06,108.9,109.55,107.7,107.7,199355.0,21592925.15
2017-02-03,109.4,109.7,108.95,109.25,159924.0,17472578.25
2017-02-02,109.5,110.2,109.2,109.65,198510.0,21777176.2
2017-02-01,108.3,110.45,108.3,109.85,309339.0,33946421.65
2017-01-31,109.4,109.45,108.05,108.35,305070.0,33107232.75
2017-01-30,109.7,109.75,108.7,109.6,216549.0,23681626.05
2017-01-27,110.5,110.5,109.3,110.15,179328.0,19707619.3
2017-01-26,110.35,110.75,109.85,110.7,186659.0,20605802.75
2017-01-25,108.9,110.45,108.9,110.45,263740.0,29032041.65
2017-01-24,107.7,108.6,107.7,108.45,174778.0,18928920.25
2017-01-23,108.0,108.1,107.15,107.9,214397.0,23114881.75
2017-01-20,108.85,109.2,107.9,108.4,300631.0,32617738.65
2017-01-19,109.1,109.85,109.05,109.15,214617.0,23446126.0
2017-01-18,108.7,109.0,108.0,109.0,190921.0,20716888.15
2017-01-17,107.8,108.4,106.3,108.0,270060.0,29040949.85
2017-01-16,108.8,108.9,107.95,107.95,200537.0,21700690.55
2017-01-13,109.95,110.65,109.6,110.4,171471.0,18900521.55
2017-01-12,109.5,110.05,109.05,109.55,162441.0,17800431.45
2017-01-11,109.05,110.1,108.8,109.85,225703.0,24763505.5
2017-01-10,109.8,110.4,108.9,109.35,194598.0,21297362.4
2017-01-09,110.55,110.7,109.4,110.1,137960.0,15167628.45
2017-01-06,110.85,111.0,110.0,110.55,253793.0,28034311.95
2017-01-05,111.5,111.5,110.45,110.9,191227.0,21208868.15
2017-01-04,111.9,112.2,111.1,111.35,161452.0,17984020.45
2017-01-03,112.0,112.4,111.25,111.95,143295.0,16031933.4
2017-01-02,110.7,111.9,110.7,111.8,92712.0,10343505.5
2016-12-30,111.6,111.75,110.75,111.35,96240.0,10706675.45
2016-12-29,111.8,111.9,111.05,111.75,85571.0,9542798.8
2016-12-28,111.7,112.3,111.55,112.3,99934.0,11194669.75
2016-12-27,111.25,112.1,111.15,111.7,136849.0,15271644.55
2016-12-23,111.6,111.7,110.6,111.25,133724.0,14868207.6
2016-12-22,111.0,111.5,110.7,111.5,106083.0,11804029.6
2016-12-21,111.5,111.95,110.85,111.45,122194.0,13599069.85
2016-12-20,111.45,111.9,111.3,111.75,208867.0,23324630.95
2016-12-19,111.5,111.6,110.9,111.4,149095.0,16594005.75
2016-12-16,111.2,111.95,110.75,111.8,267497.0,29852612.55
2016-12-15,111.45,111.95,110.85,111.4,237710.0,26486970.0
2016-12-14,111.35,111.8,110.8,111.55,196820.0,21898106.3
2016-12-13,111.2,111.7,110.75,111.6,175581.0,19552821.3
2016-12-12,111.1,111.6,110.2,111.2,221743.0,24610765.35
2016-12-09,111.0,111.7,110.75,111.1,187492.0,20841989.7
2016-12-08,110.7,111.3,109.8,111.1,259568.0,28742958.45
2016-12-07,109.0,110.95,108.55,110.55,427251.0,47032218.85
2016-12-06,107.9,108.3,106.75,108.25,238222.0,25672598.55
2016-12-05,106.15,107.8,105.7,107.55,205614.0,22058274.4
2016-12-02,106.15,106.7,105.0,106.3,197848.0,20944857.35
2016-12-01,107.7,107.95,106.1,106.5,266524.0,28461544.2
2016-11-30,106.0,107.95,105.65,107.75,373261.0,40119739.25
2016-11-29,105.0,106.15,104.5,105.7,213758.0,22509887.15
2016-11-28,106.7,106.75,104.95,105.15,199879.0,21068853.75
2016-11-25,105.0,106.7,104.8,106.55,343056.0,36340322.8
2016-11-24,104.6,105.65,104.3,104.95,273953.0,28748221.03
2016-11-23,103.75,104.55,103.35,104.25,311667.0,32468705.55
2016-11-22,102.0,103.75,101.95,103.3,243816.0,25124957.55
2016-11-21,101.45,101.9,99.97,101.2,273759.0,27689330.85
2016-11-18,101.3,101.85,99.48,99.79,268804.0,26907074.71
2016-11-17,100.6,101.65,100.5,101.05,147311.0,14874288.05
2016-11-16,102.6,102.85,100.6,100.7,207756.0,21039691.9
2016-11-15,101.3,102.65,101.25,102.4,173676.0,17730658.55
2016-11-14,101.65,103.45,100.65,101.1,208265.0,21175446.45
2016-11-11,102.35,102.4,100.7,101.15,192387.0,19482198.4
2016-11-10,101.0,102.75,100.95,101.8,418351.0,42713822.65
2016-11-09,96.99,100.5,96.22,100.5,473854.0,46634070.67
2016-11-08,99.5,99.55,95.35,99.33,858381.0,83549588.65
2016-11-07,100.8,102.0,100.7,101.55,315350.0,31957427.85
2016-11-04,99.7,100.3,99.25,100.1,346052.0,34529940.73
2016-11-03,102.05,102.1,99.59,100.0,324169.0,32632428.19
2016-11-02,102.5,102.9,102.0,102.35,192166.0,19677452.8
2016-11-01,104.9,104.9,102.7,102.95,206452.0,21372279.75
2016-10-31,103.25,104.8,103.25,104.55,230630.0,24060706.15
2016-10-28,102.7,104.1,102.25,103.55,235587.0,24359894.15
2016-10-27,104.05,104.2,102.75,103.1,338791.0,35034829.2
2016-10-26,105.0,105.05,103.65,104.15,184291.0,19190335.65
2016-10-25,104.75,105.55,104.7,105.4,210730.0,22176535.4
2016-10-24,105.0,105.7,104.7,104.7,161177.0,16942103.1
2016-10-21,104.7,105.4,103.95,104.7,245369.0,25666860.8
2016-10-20,105.1,105.35,104.3,104.7,210420.0,22051548.55
2016-10-19,104.8,105.1,104.4,105.05,169352.0,17762433.1
2016-10-18,104.25,105.15,104.2,105.0,218726.0,22942633.0
2016-10-17,103.9,104.2,103.05,103.9,179389.0,18615560.4
2016-10-14,102.65,104.5,102.65,104.05,236735.0,24587247.55
2016-10-13,101.75,102.55,100.75,102.55,379791.0,38726025.05
2016-10-12,102.4,103.15,101.9,102.1,208403.0,21327948.1
2016-10-11,102.3,102.95,101.6,101.9,201165.0,20551693.95
2016-10-10,102.2,102.65,101.6,102.4,260900.0,26668452.65
2016-10-07,104.35,104.45,102.0,102.15,310427.0,31958768.75
2016-10-06,104.0,104.55,103.15,104.1,282465.0,29319469.6
2016-10-05,103.0,103.95,102.15,103.5,197733.0,20425655.3
2016-10-04,103.0,104.25,102.6,103.35,192734.0,19977933.35
2016-10-03,102.55,103.4,102.35,103.05,117213.0,12065948.85
2016-09-30,102.0,103.2,100.7,102.95,272467.0,27884260.4
2016-09-29,103.5,104.55,102.8,103.05,293222.0,30365756.7
2016-09-28,100.65,102.75,100.65,102.35,303377.0,30989456.8
2016-09-27,101.15,101.9,99.76,100.1,253085.0,25396331.92
2016-09-26,101.35,101.4,100.2,100.7,372345.0,41254257.31
2016-09-23,101.2,102.15,101.1,102.15,179862.0,18318706.55
2016-09-22,100.2,102.05,100.15,101.65,193008.0,19597999.45
2016-09-21,99.37,100.05,99.24,99.72,136319.0,13588645.58
2016-09-20,99.12,99.41,98.64,98.64,137241.0,13583594.08
2016-09-19,99.0,99.62,98.88,99.17,127322.0,12629379.7
2016-09-16,98.79,99.36,97.57,98.61,335691.0,33091667.13
2016-09-15,98.26,98.64,97.7,98.29,181430.0,17805327.76
2016-09-14,97.59,98.6,97.17,98.37,221939.0,21772644.79
2016-09-13,98.0,98.3,97.0,97.41,186855.0,18237158.82
2016-09-12,97.6,98.22,96.51,97.74,219412.0,21336367.88
2016-09-09,100.4,100.45,98.51,98.89,252859.0,25134285.3
2016-09-08,101.45,101.75,100.2,100.7,225112.0,22741878.85
2016-09-07,101.7,102.0,100.95,101.7,188146.0,19119110.55
2016-09-06,101.25,101.8,101.0,101.35,213720.0,21664913.9
2016-09-05,100.9,101.5,100.65,101.2,196240.0,19843736.65
2016-09-02,99.61,100.85,98.96,100.85,207498.0,20761433.32
2016-09-01,98.4,100.3,98.36,99.46,309470.0,30810872.42
2016-08-31,98.39,98.74,97.8,98.41,237386.0,23346986.01
2016-08-30,97.96,99.36,97.95,98.49,200887.0,19814371.1
2016-08-29,97.6,98.01,96.63,97.42,132554.0,12883224.47
2016-08-26,96.96,98.62,96.96,98.14,165863.0,16232909.98
2016-08-25,97.65,97.7,96.52,96.98,210199.0,20382643.19
2016-08-24,97.6,98.51,97.0,98.22,209007.0,20503360.13
2016-08-23,97.7,98.4,97.31,97.82,192902.0,18909233.04
2016-08-22,97.3,98.25,96.8,97.38,245494.0,23887367.78
2016-08-19,97.9,97.9,96.65,97.37,231016.0,22445163.2
2016-08-18,97.48,97.86,97.04,97.7,155231.0,15145190.39
2016-08-17,97.16,97.4,96.21,96.68,186449.0,18024967.32
2016-08-16,96.53,97.79,96.53,97.07,176683.0,17171528.25
2016-08-15,97.0,97.81,96.66,96.91,92990.0,9026562.11
2016-08-12,97.05,97.45,96.33,96.75,251516.0,24388123.19
2016-08-11,95.92,97.35,95.59,97.32,251141.0,24330004.19
2016-08-10,95.3,95.84,95.09,95.69,167334.0,15990270.9
2016-08-09,94.05,95.9,93.99,95.72,196757.0,18746510.62
2016-08-08,92.95,94.65,92.84,94.25,300253.0,28275574.84
2016-08-05,91.11,92.81,91.11,92.74,249616.0,22999451.65
2016-08-04,91.25,92.21,90.49,90.6,251591.0,22916038.91
2016-08-03,90.91,90.97,89.63,90.72,245083.0,22201249.75
2016-08-02,92.4,92.4,89.79,90.43,302233.0,27384301.91
2016-08-01,93.63,93.7,91.12,91.37,278100.0,25532720.68
2016-07-29,89.5,92.94,88.91,92.81,647112.0,59627264.04
2016-07-28,88.12,88.75,87.61,87.69,228471.0,20117413.72
2016-07-27,88.07,89.23,88.03,88.52,227249.0,20127299.62
2016-07-26,87.91,88.4,87.35,87.93,235568.0,20699103.31
2016-07-25,87.5,88.23,87.15,87.83,286989.0,25224484.3
2016-07-22,86.5,87.37,86.0,87.36,244802.0,21309649.9
2016-07-21,87.11,87.46,86.03,86.83,324541.0,28168479.77
2016-07-20,86.6,87.68,86.12,87.11,277362.0,24142705.13
2016-07-19,86.15,86.48,84.93,86.12,220956.0,18945931.51
2016-07-18,86.7,87.17,85.47,86.13,237797.0,20531163.15
2016-07-15,85.28,86.11,84.68,85.85,225320.0,19293965.7
2016-07-14,84.5,85.65,84.5,85.3,250480.0,21346443.25
2016-07-13,83.51,84.49,82.88,84.03,246532.0,20680325.97
2016-07-12,83.62,84.36,83.31,83.84,226820.0,19054087.42
2016-07-11,81.65,83.57,81.37,83.37,278897.0,23142644.21
2016-07-08,80.03,81.39,79.7,80.86,240571.0,19439341.1
2016-07-07,80.35,80.95,79.82,80.11,299518.0,24068860.65
2016-07-06,81.4,82.1,79.1,80.0,427434.0,34237017.72
2016-07-05,84.2,84.4,81.56,81.68,301801.0,24824091.55
2016-07-04,86.02,86.15,84.43,84.43,189904.0,16125275.04
2016-07-01,83.8,85.77,83.34,85.41,305822.0,25981367.18
2016-06-30,82.4,83.97,81.4,83.38,471268.0,39200401.05
2016-06-29,82.49,83.28,81.73,82.38,426876.0,35237076.0
2016-06-28,82.24,82.52,80.8,80.92,492747.0,40222873.06
2016-06-27,83.0,83.48,79.3,80.18,683736.0,55206587.77
2016-06-24,81.2,84.95,80.75,83.05,1114125.0,92466562.5
2016-06-23,88.46,90.54,88.37,90.13,371030.0,33271128.22
2016-06-22,87.92,89.0,87.54,88.25,253767.0,22419548.56
2016-06-21,87.13,88.0,86.8,87.55,177231.0,15508470.58
2016-06-20,86.67,87.88,86.39,87.27,232905.0,20334934.61
2016-06-17,84.13,85.03,83.84,84.9,491995.0,41697419.84
2016-06-16,83.2,83.73,82.48,83.38,379092.0,31480246.01
2016-06-15,83.5,84.45,83.22,83.77,436579.0,36615612.72
2016-06-14,84.39,84.53,82.99,83.12,421928.0,35293460.1385
2016-06-13,85.53,86.0,84.4,85.1,309171.0,26316548.37
2016-06-10,88.8,88.93,85.86,86.8,409903.0,35564082.86
2016-06-09,90.01,90.05,88.99,89.12,243376.0,21741672.23
2016-06-08,90.28,90.39,89.61,90.27,243474.0,21940464.58
2016-06-07,90.0,91.06,89.89,90.52,267956.0,24269876.53
2016-06-06,88.19,89.59,88.19,89.39,249198.0,22216450.34
2016-06-03,89.29,89.79,87.55,88.01,334950.0,29669255.72
2016-06-02,89.0,89.91,88.78,88.99,271686.0,24229268.29
2016-06-01,91.5,91.5,88.45,88.99,482780.0,43121385.76
2016-05-31,91.45,92.2,91.03,91.2,372832.0,34124119.81
2016-05-30,90.82,91.44,90.65,91.4,138908.0,12666672.47
2016-05-27,91.11,91.39,90.24,90.79,301851.0,27393169.46
2016-05-26,90.02,91.31,90.0,91.16,263498.0,23963881.85
2016-05-25,89.46,90.39,89.2,90.02,310278.0,27925955.53
2016-05-24,86.29,89.31,85.77,88.95,349612.0,30878527.2
2016-05-23,86.43,86.98,85.15,86.49,281948.0,24282828.61
2016-05-20,86.62,87.68,86.25,86.36,350056.0,30347397.14
2016-05-19,86.71,86.71,85.3,86.04,349196.0,30027607.26
2016-05-18,87.28,87.46,85.9,87.46,286808.0,24860417.47
2016-05-17,87.83,88.67,86.81,87.57,283140.0,24796372.53
2016-05-16,87.21,87.36,86.33,87.12,116446.0,10125843.22
2016-05-13,86.49,87.69,85.34,87.2,346996.0,30066848.34
2016-05-12,89.24,90.45,87.88,88.34,385010.0,34312885.73
2016-05-11,89.71,89.86,88.3,89.29,254361.0,22651351.93
2016-05-10,89.22,90.21,88.31,89.5,399015.0,35611536.71
2016-05-09,90.85,91.19,88.79,88.87,342320.0,30627027.27
2016-05-06,90.0,90.69,88.95,90.2,307709.0,27648652.83
2016-05-05,90.2,91.64,89.6,90.07,339193.0,30639543.79
2016-05-04,93.23,93.5,90.91,91.18,513939.0,47106115.01
2016-05-03,90.1,93.53,89.87,92.67,888529.0,81859480.06
2016-05-02,89.1,89.6,88.1,88.88,244034.0,21713104.58
2016-04-29,90.0,90.55,88.25,88.26,398024.0,35402997.67
2016-04-28,89.53,90.64,88.47,90.57,308827.0,27648420.98
2016-04-27,88.77,89.94,88.77,89.59,233537.0,20890568.55
2016-04-26,89.6,90.29,88.53,88.86,304864.0,27211548.23
2016-04-25,90.42,90.82,88.54,89.48,267439.0,23899505.43
2016-04-22,91.0,91.06,89.84,90.3,286860.0,25957665.99
2016-04-21,91.75,92.13,90.8,91.12,307407.0,28110812.12
2016-04-20,90.65,91.59,90.21,91.42,297529.0,27109475.18
2016-04-19,88.8,90.68,88.6,90.64,429733.0,38790054.8
2016-04-18,88.17,88.93,87.81,88.53,376075.0,33253013.28
2016-04-15,88.1,89.46,88.1,88.76,442108.0,39249518.88
2016-04-14,88.01,88.22,87.27,87.72,355357.0,31190197.86
2016-04-13,86.35,88.35,86.1,87.82,423155.0,37107136.56
2016-04-12,85.08,85.61,84.21,85.45,271792.0,23119440.29
2016-04-11,84.1,85.63,83.58,84.99,317099.0,26963097.05
2016-04-08,82.18,83.98,82.1,83.98,388808.0,32425762.23
2016-04-07,82.95,83.92,81.7,82.02,433769.0,35789213.34
2016-04-06,84.59,84.59,81.9,82.82,406531.0,33712666.34
2016-04-05,85.73,85.73,83.6,84.19,461588.0,38908886.43
2016-04-04,87.41,87.6,86.09,86.64,307074.0,26655086.27
2016-04-01,88.0,88.34,86.31,87.4,462867.0,40439947.78
2016-03-31,88.95,89.11,87.77,88.15,358719.0,31725598.45
2016-03-30,87.5,90.2,87.41,89.66,424935.0,37977694.65
2016-03-29,86.57,88.32,86.19,86.87,310243.0,26974614.28
2016-03-24,87.0,87.22,84.48,85.67,291268.0,24913344.77
2016-03-23,87.79,88.64,86.81,87.29,312143.0,27343498.8
2016-03-22,86.71,87.86,85.83,87.39,303591.0,26438325.39
2016-03-21,86.43,88.04,86.01,86.94,322393.0,28092238.28
2016-03-18,87.75,87.76,86.14,86.59,557939.0,48387049.36
2016-03-17,88.7,89.5,86.04,87.4,412798.0,36025342.12
2016-03-16,88.0,89.06,86.87,87.5,337123.0,29664607.88
2016-03-15,87.45,87.65,86.51,86.99,211366.0,18399111.36
2016-03-14,88.0,88.66,87.06,87.78,214718.0,18853393.68
2016-03-11,85.81,87.35,85.65,87.31,301978.0,26226516.97
2016-03-10,85.92,88.35,84.18,84.18,604483.0,51850100.4
2016-03-09,85.4,86.14,85.0,85.59,314968.0,26946301.91
2016-03-08,86.15,86.35,84.95,85.54,445564.0,38069559.04
2016-03-07,85.87,86.68,84.69,86.67,304668.0,26177182.09
2016-03-04,85.48,86.75,84.63,85.78,318526.0,27270671.16
2016-03-03,85.96,86.12,84.59,85.11,312344.0,26607165.64
2016-03-02,86.49,86.97,84.81,85.79,364808.0,31227334.47
2016-03-01,84.84,85.99,84.63,85.94,295363.0,25244459.27
2016-02-29,84.5,85.55,83.24,85.49,389547.0,33040657.05
2016-02-26,83.81,85.12,83.06,84.5,440269.0,37149450.64
2016-02-25,80.61,84.27,80.6,82.3,882464.0,72893056.35
2016-02-24,80.7,80.8,76.89,77.91,747580.0,58426638.03
2016-02-23,80.78,82.61,80.02,80.75,562969.0,45844192.07
2016-02-22,80.95,81.36,80.18,81.11,355018.0,28671603.46
2016-02-19,80.8,81.48,79.1,80.01,377471.0,30165849.85
2016-02-18,81.08,81.6,79.2,80.82,471501.0,38000624.36
2016-02-17,76.67,80.75,76.18,80.36,537967.0,42720740.4
2016-02-16,78.14,78.44,75.68,76.25,418961.0,32107366.27
2016-02-15,76.46,78.44,75.51,77.26,536993.0,41566778.31
2016-02-12,72.73,74.5,72.13,74.5,453323.0,33428350.69
2016-02-11,73.54,73.54,70.52,71.86,598748.0,43007685.76
2016-02-10,72.79,75.25,71.9,74.19,514890.0,38180747.76
2016-02-09,71.7,74.2,70.52,71.76,899722.0,64782165.36
2016-02-08,76.12,76.95,71.54,71.79,543057.0,39554368.43
2016-02-05,74.35,76.97,73.59,75.46,811434.0,61479977.97
2016-02-04,73.03,75.0,72.02,74.2,623139.0,45763997.65
2016-02-03,71.51,73.23,70.91,71.94,520136.0,37445749.12
2016-02-02,74.95,75.07,71.15,71.84,658704.0,47660477.83
2016-02-01,76.8,77.25,74.3,75.0,569067.0,42970010.03
2016-01-29,76.77,77.01,74.93,76.09,399078.0,30267462.76
2016-01-28,76.13,77.07,75.17,75.59,506961.0,38607273.83
2016-01-27,77.07,77.23,75.04,76.07,581408.0,44127885.74
2016-01-26,76.04,77.95,75.14,77.86,418687.0,32155484.83
2016-01-25,79.09,79.09,76.28,76.89,465724.0,35987288.65
2016-01-22,78.72,80.08,78.24,78.46,523608.0,41412736.28
2016-01-21,74.99,77.46,74.83,76.93,723034.0,55002215.91
2016-01-20,76.3,76.4,73.84,74.71,833259.0,62501169.43
2016-01-19,78.5,79.67,77.38,77.8,637259.0,49977826.57
2016-01-18,80.07,80.38,77.54,79.06,735274.0,58195239.84
2016-01-15,84.9,85.3,80.45,81.06,720803.0,58991748.31
2016-01-14,84.6,85.32,82.44,85.02,558440.0,46860952.09
2016-01-13,88.08,88.58,85.18,85.52,561507.0,48756438.43
2016-01-12,85.23,88.15,84.78,87.16,727060.0,63159914.81
2016-01-11,86.34,87.71,85.14,85.14,670960.0,57760012.51
2016-01-08,89.0,89.49,86.57,86.63,918178.0,80646509.65
2016-01-07,91.52,91.56,87.59,90.31,760687.0,68005179.6
2016-01-06,96.05,96.13,92.01,93.01,624295.0,58280527.05
2016-01-05,97.3,97.61,94.78,95.86,357119.0,34155111.75
2016-01-04,98.39,98.39,95.41,95.99,432193.0,41539049.06
2015-12-31,99.25,99.7,98.28,98.43,121806.0,12022959.23
2015-12-30,100.0,100.0,99.15,99.51,254602.0,25346694.58
2015-12-29,98.73,99.98,98.5,99.98,295492.0,29416146.18
2015-12-28,98.9,98.98,97.53,98.09,165002.0,16192864.66
2015-12-24,99.4,99.4,97.87,98.31,54372.0,5353075.04
2015-12-23,95.72,99.3,95.25,98.98,455932.0,44746624.9
2015-12-22,95.7,96.1,94.35,95.0,372528.0,35430496.75
2015-12-21,96.47,97.74,95.2,95.2,372825.0,35960670.94
2015-12-18,97.95,98.05,95.6,96.51,881479.0,85105202.63
2015-12-17,94.5,97.58,94.41,96.3,728245.0,70126446.71
2015-12-16,93.47,94.7,93.07,93.28,495075.0,46351428.74
2015-12-15,92.25,93.35,92.11,93.3,745733.0,69196727.09
2015-12-14,92.1,93.26,91.55,91.91,1015641.0,93611904.23
2015-12-11,92.0,92.91,91.85,92.2,1437578.0,132552559.83
2015-12-10,92.05,93.67,91.87,92.12,1214903.0,112648086.18
2015-12-09,93.0,93.26,92.04,92.05,1049624.0,97200491.87
2015-12-08,95.0,95.0,92.59,93.0,998103.0,93327519.56
2015-12-07,92.9,95.53,92.2,94.99,1154161.0,108620563.79
2015-12-04,95.25,95.59,92.8,92.87,1234224.0,115379511.08
2015-12-03,98.63642,99.24732,95.206,95.206,1150908.0,112075306.75
2015-12-02,107.35,107.75,105.7,105.8,327051.0,34802317.65
2015-12-01,109.25,109.9,107.25,107.4,360431.0,39065782.7
2015-11-30,108.9,109.15,107.8,109.05,372540.0,40488243.35
2015-11-27,107.6,108.2,106.7,107.35,184835.0,19867817.9
2015-11-26,106.25,108.85,106.25,108.2,276943.0,29897488.5
2015-11-25,103.0,107.1,102.55,106.45,378036.0,39785315.3
2015-11-24,103.5,103.7,102.15,102.75,335700.0,34465284.6
2015-11-23,104.25,105.05,103.05,104.1,248737.0,25901171.25
2015-11-20,104.0,105.25,103.3,104.45,258273.0,26959356.55
2015-11-19,104.05,104.85,103.4,103.65,198759.0,20690161.75
2015-11-18,102.9,103.75,102.0,103.15,251068.0,25889532.75
2015-11-17,101.6,103.7,101.25,103.5,238554.0,24541986.95
2015-11-16,100.4,101.95,100.15,100.55,197457.0,19925014.65
2015-11-13,100.7,101.85,99.95,100.85,248847.0,25078901.26
2015-11-12,103.75,104.1,99.88,100.75,355868.0,36041852.57
2015-11-11,103.4,105.15,102.9,103.95,215311.0,22460136.2
2015-11-10,103.7,103.95,102.05,103.05,304423.0,31335759.65
2015-11-09,104.85,105.7,103.1,103.4,277870.0,29015034.95
2015-11-06,103.1,105.0,102.9,104.55,339252.0,35231899.4
2015-11-05,103.9,103.95,102.4,102.65,281968.0,29000912.15
2015-11-04,103.7,104.95,103.35,103.55,307231.0,31967800.7
2015-11-03,103.2,103.75,102.35,102.95,313486.0,32294763.4
2015-11-02,101.8,103.95,101.8,103.0,262781.0,27055406.0
2015-10-30,103.95,104.55,101.9,102.8,421255.0,43334298.5
2015-10-29,109.0,110.0,102.55,103.45,666663.0,70069975.95
2015-10-28,99.53,103.25,99.03,102.9,386336.0,39372264.87
2015-10-27,100.2,100.45,98.94,99.13,368680.0,36718969.84
2015-10-26,101.85,102.25,100.2,100.85,283484.0,28703740.55
2015-10-23,100.65,104.55,100.65,101.85,569759.0,58275507.45
2015-10-22,95.5,99.42,95.1,99.35,551677.0,53942655.67
2015-10-21,95.54,96.24,94.05,95.46,282786.0,26972271.56
2015-10-20,94.18,95.45,92.25,95.12,375579.0,35402338.63
2015-10-19,94.99,95.59,94.55,94.9,232496.0,22078399.11
2015-10-16,96.3,96.3,94.5,95.04,351509.0,33481599.47
2015-10-15,95.4,96.15,94.87,95.69,357872.0,34208694.95
2015-10-14,96.5,96.54,94.57,94.85,568377.0,54101546.73
2015-10-13,100.0,100.05,96.74,97.75,447621.0,43797932.61
2015-10-12,101.8,102.2,99.76,100.1,271646.0,27364298.91
2015-10-09,99.99,101.65,99.8,101.25,395569.0,39973262.27
2015-10-08,97.16,99.05,96.32,98.99,576856.0,56641692.7
2015-10-07,95.1,98.76,95.01,97.26,848065.0,82632961.24
2015-10-06,96.12,97.06,94.4,96.65,673412.0,64542981.8
2015-10-05,93.44,96.21,92.73,96.0,539212.0,51346680.61
2015-10-02,92.13,92.82,90.24,91.8,384199.0,35284617.67
2015-10-01,92.41,93.15,90.99,91.56,451748.0,41581847.77
2015-09-30,92.0,92.4,90.55,91.22,437067.0,39898021.59
2015-09-29,88.87,91.0,88.01,90.48,546673.0,49079990.9
2015-09-28,92.11,92.29,89.51,89.51,472898.0,42743790.7
2015-09-25,92.24,93.39,91.25,91.8,633388.0,58537825.62
2015-09-24,95.33,95.45,90.04,90.62,619095.0,56899093.65
2015-09-23,93.8,97.1,93.3,95.13,559274.0,53605443.86
2015-09-22,97.0,97.15,93.68,93.7,407371.0,38618814.19
2015-09-21,97.66,98.0,96.5,96.8,339555.0,32959398.02
2015-09-18,99.8,99.83,96.2,97.41,656738.0,64025229.75
2015-09-17,101.25,101.5,99.8,99.8,174630.0,17502840.75
2015-09-16,101.0,101.75,100.4,101.05,199991.0,20207949.1
2015-09-15,100.5,101.0,99.4,100.2,232752.0,23297521.76
2015-09-14,101.0,101.3,99.43,100.0,249529.0,25010510.94
2015-09-11,102.6,102.6,100.25,100.3,267864.0,26996001.9
2015-09-10,103.65,104.0,101.55,102.0,336163.0,34457245.0
2015-09-09,106.65,107.25,104.25,104.4,228317.0,24136453.9
2015-09-08,103.7,105.3,103.55,104.7,188638.0,19756421.55
2015-09-07,103.75,104.15,102.65,103.2,130131.0,13426591.2
2015-09-04,104.85,105.0,102.1,102.7,476264.0,49335993.6
2015-09-03,103.45,105.25,102.4,104.65,261377.0,27168933.05
2015-09-02,103.2,103.65,102.0,102.45,143103.0,14692000.05
2015-09-01,104.1,104.25,101.7,102.7,245478.0,25222064.85
2015-08-31,106.0,106.35,104.7,104.9,238072.0,25066921.45
2015-08-28,106.6,106.85,104.9,106.35,211837.0,22393718.1
2015-08-27,104.55,106.85,104.5,105.9,339258.0,35919653.15
2015-08-26,103.1,104.35,101.0,101.75,373143.0,38299398.2
2015-08-25,102.3,105.45,102.3,103.6,557370.0,57990062.05
2015-08-24,101.8,103.25,97.26,100.1,772658.0,77377590.5
2015-08-21,107.9,108.35,104.65,104.65,358252.0,38128342.55
2015-08-20,111.0,111.2,108.7,109.05,328612.0,36060987.35
2015-08-19,114.2,114.35,110.8,111.0,256158.0,28722559.35
2015-08-18,115.1,115.7,114.2,114.3,210845.0,24177812.0
2015-08-17,116.5,117.05,114.75,115.5,200520.0,23183393.65
2015-08-14,116.9,117.4,115.75,116.3,154513.0,17987626.85
2015-08-13,117.9,117.95,116.1,116.4,149450.0,17469549.8
2015-08-12,120.0,120.1,115.8,116.1,320523.0,37583451.2
2015-08-11,122.0,122.95,120.4,120.5,183175.0,22204172.4
2015-08-10,121.5,122.5,120.85,122.1,182773.0,22277759.1
2015-08-07,121.25,121.7,120.4,121.15,172339.0,20881720.0
2015-08-06,121.4,121.95,120.4,121.15,161159.0,19523550.75
2015-08-05,120.0,121.3,119.95,121.0,243003.0,29370792.15
2015-08-04,120.15,120.65,119.15,120.35,270548.0,32501602.2
2015-08-03,121.25,121.45,120.0,120.2,414435.0,49942113.45
2015-07-31,123.6,123.7,121.0,121.75,459253.0,55999305.45
2015-07-30,125.0,125.0,119.55,121.2,552033.0,66810607.4
2015-07-29,125.9,128.55,122.65,124.2,651824.0,81125315.9
2015-07-28,124.5,128.0,123.75,128.0,331804.0,42033370.9
2015-07-27,126.45,126.45,123.6,124.15,218514.0,27228992.95
2015-07-24,127.75,128.2,126.5,126.85,217905.0,27733854.5
2015-07-23,128.55,128.7,127.5,128.4,131475.0,16853012.15
2015-07-22,129.5,129.6,127.75,128.0,201303.0,25855525.85
2015-07-21,129.95,130.75,129.75,129.9,146009.0,19004061.5
2015-07-20,130.0,130.35,129.6,129.9,129404.0,16814657.3
2015-07-17,129.05,129.9,128.75,129.35,162099.0,20960629.5
2015-07-16,128.75,129.3,128.0,128.4,164707.0,21173847.6
2015-07-15,126.35,128.05,126.2,127.9,168623.0,21517761.15
2015-07-14,127.25,127.3,126.05,126.45,153208.0,19356864.95
2015-07-13,125.1,127.55,124.7,127.1,299302.0,37848731.85
2015-07-10,123.0,124.3,122.5,124.15,218033.0,26954753.35
2015-07-09,119.45,121.5,119.0,121.15,276308.0,33369123.8
2015-07-08,118.2,119.35,117.45,118.7,257312.0,30498958.4
2015-07-07,121.8,121.8,118.35,118.35,309715.0,37040274.3
2015-07-06,122.1,123.2,121.15,121.65,204839.0,25001156.35
2015-07-03,124.0,124.0,122.35,122.8,192988.0,23739134.45
2015-07-02,125.15,125.35,123.95,124.15,173660.0,21657162.0
2015-07-01,124.45,126.55,123.85,125.15,269021.0,33682942.55
2015-06-30,125.1,125.5,123.4,123.4,300647.0,37357351.7
2015-06-29,124.85,126.8,123.3,125.6,271850.0,34135394.9
2015-06-26,127.7,130.05,127.6,129.5,153511.0,19799990.65
2015-06-10,127.0,129.95,126.0,129.65,681641.0,87298582.0
2015-06-09,121.2,123.35,120.7,123.1,327676.0,40152902.2
2015-06-08,122.05,122.05,120.75,121.1,174323.0,21147640.15
2015-06-05,122.0,122.7,120.75,122.05,256323.0,31202103.9
2015-06-04,124.05,124.1,121.8,122.45,205947.0,25264660.0
2015-06-03,124.7,126.0,123.75,124.45,176899.0,22085693.0
2015-06-02,125.65,125.7,123.7,124.1,236987.0,29449150.5
2015-06-01,126.8,127.0,124.25,124.85,215892.0,27053766.35
2015-05-29,128.5,129.15,126.0,126.0,277766.0,35214933.02
2015-05-28,128.05,128.6,126.85,128.2,173285.0,22177525.55
2015-05-27,127.1,129.55,127.05,128.85,186425.0,23917343.1
2015-05-26,127.7,128.35,126.35,126.7,175158.0,22241422.2
2015-05-25,128.4,128.4,127.0,127.4,27084.0,3448450.25
2015-05-22,128.05,128.5,127.4,127.9,134571.0,17219590.3
2015-05-21,127.1,128.35,126.5,128.05,194967.0,24898480.6
2015-05-20,127.9,128.05,127.0,127.4,132080.0,16832129.5
2015-05-19,125.2,128.05,125.2,127.7,244135.0,31077218.95
2015-05-18,124.1,125.35,123.75,124.85,234651.0,29211579.95
2015-05-15,125.5,125.55,123.35,124.0,281857.0,35036290.2
2015-05-14,126.25,127.05,126.0,126.65,198220.0,25087044.65
2015-05-13,127.8,128.2,126.05,126.35,204653.0,25973571.7
2015-05-12,128.6,128.8,126.15,127.25,245969.0,31267704.25
2015-05-11,130.3,130.35,128.3,129.05,219190.0,28273683.1
2015-05-08,128.9,131.15,127.85,130.35,372214.0,48233456.0
2015-05-07,129.85,129.85,126.9,128.0,391854.0,50115610.0
2015-05-06,132.8,132.8,127.25,129.15,543122.0,70332648.7
2015-05-05,134.2,137.05,134.05,134.1,335717.0,45442899.3
2015-05-04,132.0,135.8,131.65,134.65,229310.0,30751580.35
2015-04-30,132.0,133.0,130.95,131.6,273319.0,36043026.45
2015-04-29,134.5,135.3,131.7,132.1,277300.0,36880600.75
2015-04-28,136.1,136.1,133.35,134.35,203084.0,27316234.95
2015-04-27,134.8,137.4,133.35,136.4,219871.0,29855272.85
2015-04-24,134.8,135.0,133.7,134.65,157932.0,21223549.35
2015-04-23,135.7,136.1,133.3,134.6,193009.0,25907839.7
2015-04-22,136.7,137.6,134.2,135.3,241615.0,32718880.2
2015-04-21,135.4,137.5,135.2,136.35,200691.0,27419679.05
2015-04-20,134.95,135.55,134.65,135.15,165811.0,22401175.2
2015-04-17,136.5,137.05,133.65,134.05,305702.0,41158164.9
2015-04-16,139.55,139.8,136.85,137.0,209937.0,28932132.75
2015-04-15,139.45,139.9,138.35,139.75,186917.0,26089696.95
2015-04-14,139.2,140.2,138.2,138.8,175952.0,24450634.75
2015-04-13,140.85,140.95,139.25,139.7,142317.0,19915970.75
2015-04-10,138.5,141.1,138.4,140.95,242014.0,33953324.85
2015-04-09,136.3,138.35,136.3,138.35,171878.0,23667390.35
2015-04-08,136.55,137.45,136.1,136.35,167084.0,22853715.55
2015-04-07,135.45,136.8,135.25,136.3,158111.0,21542720.7
2015-04-02,135.1,135.7,134.25,134.85,118131.0,15931737.35
2015-04-01,134.15,136.1,133.9,134.75,173886.0,23480267.3
2015-03-31,135.9,136.3,133.95,134.55,237935.0,32047670.35
2015-03-30,134.35,136.9,134.1,135.65,213880.0,28980765.5
2015-03-27,133.15,134.6,133.15,134.0,209764.0,28100948.2
2015-03-26,133.9,134.0,131.1,133.05,371047.0,49159283.3
2015-03-24,134.95,136.45,134.5,136.2,157659.0,21426955.0
2015-03-23,136.0,136.0,134.2,135.1,219264.0,29557092.6
2015-03-20,133.45,136.4,133.45,135.9,313540.0,42525461.0
2015-03-19,133.3,134.95,132.8,132.9,214469.0,28618266.7
2015-03-18,133.5,133.75,132.15,133.2,262763.0,34942062.2
2015-03-17,134.65,134.95,133.15,133.3,198014.0,26480945.85
2015-03-16,133.45,135.15,133.4,134.6,180644.0,24325208.2
2015-03-13,133.3,134.4,132.0,133.1,185078.0,24612703.05
2015-03-12,133.85,134.5,132.85,133.2,169894.0,22698392.55
2015-03-11,131.2,134.0,130.8,133.85,191214.0,25469770.3
2015-03-10,131.25,132.25,129.85,130.45,249194.0,32600046.5
2015-03-09,131.8,131.85,130.35,131.75,299225.0,39288524.6
2015-03-06,129.75,132.6,129.3,132.5,371323.0,48792550.3
2015-03-05,130.65,131.25,129.35,130.0,396893.0,51630464.1
2015-03-04,129.25,130.95,128.4,130.8,299973.0,38912022.6
2015-03-03,130.0,130.3,128.55,128.7,243800.0,31555403.3
2015-03-02,132.25,132.95,129.2,130.05,337221.0,43997203.05
2015-02-27,130.0,133.3,129.85,132.8,337327.0,44615922.25
2015-02-26,129.0,130.8,127.65,129.65,646386.0,83880962.25
2015-02-25,125.95,126.55,124.45,124.9,303028.0,37983080.6
2015-02-24,125.5,126.3,125.2,125.95,204611.0,25740051.1
2015-02-23,125.9,126.15,124.85,125.4,163841.0,20552946.5
2015-02-20,124.5,125.9,124.2,125.85,217222.0,27221722.95
2015-02-19,123.65,124.65,123.05,124.6,197005.0,24454490.0
2015-02-18,122.95,123.75,122.6,123.65,193989.0,23927721.55
2015-02-17,123.0,123.9,122.3,122.7,270609.0,33268873.05
2015-02-16,124.0,124.5,123.15,123.8,121892.0,15086890.5
2015-02-13,122.75,124.7,122.6,124.0,278623.0,34554507.85
2015-02-12,120.9,123.25,120.5,122.25,268008.0,32828174.6
2015-02-11,120.5,121.9,120.25,120.6,177905.0,21507968.25
2015-02-10,121.05,121.6,120.1,120.65,204232.0,24666986.5
2015-02-09,119.9,121.0,119.1,120.95,220420.0,26519583.25
2015-02-06,121.15,121.25,119.7,120.25,156445.0,18852569.3
2015-02-05,120.1,121.45,119.15,121.25,257348.0,31056843.9
2015-02-04,120.55,121.0,119.5,120.8,268428.0,32296691.1
2015-02-03,121.15,121.85,120.4,120.65,281405.0,34041290.8
2015-02-02,121.5,122.1,119.95,121.1,286891.0,34687048.95
2015-01-30,120.8,121.75,120.6,121.1,340414.0,41232505.0
2015-01-29,119.25,120.6,119.0,120.15,406458.0,48733162.4
2015-01-28,118.65,119.9,118.3,119.7,358959.0,42818825.9
2015-01-27,117.7,119.7,117.25,117.8,364832.0,43214907.2
2015-01-26,115.75,117.7,115.0,117.25,444027.0,51754210.7
2015-01-23,114.7,117.15,114.65,115.7,465452.0,54132312.8
2015-01-22,112.95,114.9,112.5,114.2,538338.0,61252167.9
2015-01-21,112.7,113.55,111.95,112.95,388141.0,43837780.7
2015-01-20,112.65,112.65,111.8,112.3,230998.0,25913889.75
2015-01-19,112.2,113.65,110.8,113.0,249151.0,28051925.2
2015-01-16,110.0,112.15,109.85,111.55,341274.0,37988361.5
2015-01-15,108.05,110.6,105.1,110.45,391768.0,42461188.6
2015-01-14,107.75,108.0,106.4,107.0,290186.0,31117789.4
2015-01-13,106.55,109.2,106.3,108.7,230119.0,24912845.45
2015-01-12,108.05,108.6,106.45,106.9,310790.0,33332155.05
2015-01-09,109.15,109.25,106.15,106.8,237915.0,25634510.2
2015-01-08,106.3,109.55,106.05,109.45,284738.0,30807278.9
2015-01-07,106.65,106.95,104.4,105.1,391584.0,41205005.95
2015-01-06,106.85,107.15,104.05,105.9,358631.0,37894880.05
2015-01-05,111.0,112.6,106.5,106.75,252600.0,27427692.85
2015-01-02,112.6,113.05,110.75,111.2,124184.0,13827059.05
2014-12-31,112.0,112.7,111.45,112.4,22458.0,2520397.35
2014-12-30,112.8,112.8,111.65,112.0,96049.0,10772953.6
2014-12-29,113.0,113.75,111.5,112.9,193770.0,21826993.5
2014-12-24,112.4,112.8,112.25,112.65,23268.0,2620109.3
2014-12-23,109.65,112.4,109.2,112.4,165169.0,18428906.3
2014-12-22,109.4,110.9,109.35,109.35,169167.0,18585585.04
2014-12-19,107.6,109.45,107.4,109.3,397515.0,43226258.9
2014-12-18,107.3,107.9,106.55,107.0,446349.0,47840739.1
2014-12-16,105.35,106.9,104.15,106.9,278283.0,29362295.35
2014-12-15,107.25,108.1,105.0,105.1,283367.0,30185428.9
2014-12-12,111.8,111.95,107.0,107.1,370776.0,40360498.0
2014-12-11,111.7,112.65,111.4,112.0,257847.0,28884498.7
2014-12-10,112.2,113.25,111.5,111.55,262282.0,29463974.85
2014-12-09,112.3,112.4,110.5,111.6,260778.0,29125857.6
2014-12-08,113.0,113.55,112.45,112.8,145511.0,16428473.8
2014-12-05,112.9,113.95,112.2,113.3,291701.0,33013673.4
2014-12-04,112.1,113.4,110.6,111.15,226330.0,25332713.3
2014-12-03,110.15,112.25,110.15,111.8,221162.0,24686526.8
2014-12-02,109.65,111.4,109.1,110.4,205669.0,22739222.85
2014-12-01,110.25,110.35,109.0,109.45,222872.0,24405387.8
2014-11-28,112.1,112.2,110.1,110.5,245017.0,27086750.45
2014-11-27,113.1,113.65,112.25,112.3,119913.0,13538863.4
2014-11-26,111.7,113.05,111.7,112.8,191953.0,21609350.35
2014-11-25,110.7,112.3,110.45,111.7,185923.0,20761807.65
2014-11-24,110.7,111.4,110.25,110.8,179921.0,19938877.0
2014-11-21,109.25,111.45,108.75,110.6,337054.0,37186049.45
2014-11-20,111.5,111.5,108.35,109.65,313315.0,34266815.4
2014-11-19,111.75,112.4,110.8,112.15,164267.0,18365172.0
2014-11-18,112.35,113.55,111.65,111.9,290760.0,32721462.05
2014-11-17,112.3,113.35,111.65,112.6,173015.0,19462810.75
2014-11-14,112.25,113.25,111.6,112.9,264148.0,29721856.45
2014-11-13,113.7,113.75,110.25,111.65,263943.0,29450380.7
2014-11-12,112.15,113.25,112.05,112.9,175459.0,19786300.05
2014-11-11,112.4,112.7,111.95,112.3,122670.0,13776167.65
2014-11-10,111.35,114.35,111.3,112.35,256151.0,28843169.7
2014-11-07,111.2,112.15,110.45,111.05,216122.0,24056461.3
2014-11-06,109.2,112.45,109.05,111.15,340781.0,37911907.8
2014-11-05,108.25,109.6,107.95,109.25,162127.0,17647631.25
2014-11-04,108.0,109.35,107.45,107.85,188556.0,20418227.9
2014-10-20,110.45,110.5,108.05,108.15,202762.0,22050517.9
2014-10-17,106.5,110.1,105.15,110.1,417562.0,45473549.75
2014-10-16,107.75,109.1,104.65,106.0,513013.0,54473167.8
2014-10-15,110.5,112.0,107.4,107.45,303326.0,33090590.0
2014-10-14,110.0,110.25,108.1,109.95,293168.0,32101913.55
2014-10-13,111.0,111.0,109.3,110.05,313454.0,34504641.3
2014-10-10,114.05,114.1,111.0,111.1,342925.0,38362031.7
2014-10-09,115.35,117.75,114.15,114.7,286834.0,33071529.75
2014-10-08,114.0,114.35,112.6,113.2,228382.0,25808337.45
2014-10-07,116.2,116.35,114.3,114.5,174858.0,20107141.65
2014-10-06,116.0,117.6,115.7,115.95,142412.0,16571747.6
2014-10-03,116.0,116.55,115.05,115.65,143599.0,16614266.05
2014-10-02,117.7,118.35,115.45,115.45,258549.0,30117033.9
2014-10-01,121.55,121.55,117.8,118.05,222003.0,26406575.35
2014-09-30,119.6,122.15,119.6,121.9,209947.0,25447243.9
2014-09-29,119.0,119.55,118.15,119.45,166168.0,19799759.6
2014-09-26,119.5,119.5,118.45,119.0,147012.0,17490830.4
2014-09-25,120.65,121.3,118.75,119.45,178268.0,21414147.95
2014-09-24,120.35,120.95,119.65,120.75,181552.0,21829341.6
2014-09-23,121.7,122.0,120.25,120.35,149446.0,18070716.5
2014-09-22,122.1,122.35,121.5,121.95,106903.0,13039407.35
2014-09-19,123.0,123.75,122.5,122.6,245152.0,30116573.0
2014-09-18,121.05,122.85,121.05,122.6,140303.0,17168192.45
2014-09-17,119.5,122.3,119.4,121.05,277422.0,33562040.55
2014-09-16,118.5,119.2,118.25,119.0,135547.0,16106299.5
2014-09-15,117.4,119.05,117.4,118.5,110206.0,13062316.0
2014-09-12,117.8,118.85,117.45,118.1,102578.0,12123800.2
2014-09-11,118.5,118.75,117.35,117.6,107591.0,12681655.65
2014-09-10,118.8,119.4,118.05,118.45,129969.0,15413683.85
2014-09-09,118.8,120.15,118.8,118.9,98480.0,11750774.8
2014-09-08,119.05,120.05,118.85,119.15,82136.0,9793998.65
2014-09-05,119.6,119.75,118.75,119.15,97052.0,11568127.8
2014-09-04,117.9,120.1,117.45,120.05,178001.0,21255941.4
2014-09-03,117.4,119.15,117.4,117.95,152908.0,18097479.25
2014-09-02,117.3,118.1,116.9,117.25,129897.0,15253550.45
2014-09-01,120.0,120.0,116.4,117.0,200118.0,23462355.7
2014-08-29,120.4,120.9,118.6,119.75,188966.0,22592667.9
2014-08-28,120.8,122.05,120.5,120.65,145211.0,17581731.95
2014-08-27,120.8,121.35,120.45,121.05,79972.0,9674171.1
2014-08-26,119.2,121.2,119.2,120.9,118049.0,14228853.35
2014-08-25,118.85,119.6,118.85,119.45,68204.0,8136525.4
2014-08-22,118.5,118.65,117.35,118.2,76090.0,8986163.85
2014-08-21,118.0,118.85,117.3,118.7,97699.0,11571150.7
2014-08-20,117.75,118.0,116.75,117.65,106187.0,12471826.65
2014-08-19,118.35,118.65,117.7,117.8,95726.0,11307837.15
2014-08-18,117.3,118.25,117.05,118.15,109368.0,12894870.9
2014-08-15,117.7,118.15,115.6,115.85,201550.0,23569303.45
2014-08-14,117.4,118.35,117.15,117.75,114786.0,13525328.55
2014-08-13,116.0,118.35,115.75,117.95,160900.0,18906642.7
2014-08-12,115.85,116.2,115.15,115.8,120040.0,13901658.0
2014-08-11,115.1,116.4,114.6,116.1,129522.0,15002309.45
2014-08-08,115.0,115.1,113.1,114.5,293921.0,33550037.0
2014-08-07,118.0,118.0,115.45,115.5,228489.0,26569564.8
2014-08-06,117.15,118.25,115.4,118.1,230461.0,26998234.65
2014-08-05,116.9,117.8,116.35,117.7,211407.0,24767899.9
2014-08-04,118.55,118.65,116.1,116.25,248748.0,29058443.4
2014-08-01,120.0,120.6,117.85,118.35,328413.0,38935700.2
2014-07-31,124.0,125.05,120.3,120.85,311445.0,37734642.75
2014-07-30,126.2,126.2,123.45,123.65,220690.0,27423300.95
2014-07-29,126.5,127.4,125.6,125.95,152208.0,19238522.85
2014-07-28,126.4,126.75,125.4,126.2,152817.0,19268746.6
2014-07-25,127.75,128.05,125.6,126.15,164942.0,20869533.7
2014-07-24,127.85,128.35,127.0,127.9,135275.0,17294938.25
2014-07-23,128.0,129.15,127.85,127.9,123852.0,15882375.2
2014-07-22,126.8,129.15,126.6,128.25,206526.0,26447950.95
2014-07-21,126.0,126.6,125.15,126.6,148719.0,18760838.2
2014-07-18,125.8,126.25,124.45,126.1,151911.0,19052843.65
2014-07-17,126.95,127.1,125.7,126.05,135585.0,17128004.1
2014-07-16,125.8,127.4,125.7,127.1,126120.0,15976040.4
2014-07-15,125.6,126.25,124.65,125.85,190510.0,23932869.45
2014-07-14,123.85,126.05,123.5,126.0,173338.0,21750913.1
2014-07-11,123.65,124.6,122.9,123.3,170241.0,21021703.15
2014-07-10,125.55,125.55,123.25,123.5,160832.0,19944759.75
2014-07-09,125.45,125.95,124.95,125.2,109001.0,13658093.0
2014-07-08,126.55,126.75,125.05,125.05,142457.0,17867264.15
2014-07-07,127.5,128.05,126.05,126.45,149323.0,18958128.2
2014-07-04,127.85,128.65,127.7,127.9,101575.0,13008930.65
2014-07-03,127.75,128.5,127.4,127.9,230699.0,29526294.75
2014-07-02,126.8,127.95,126.45,127.75,174997.0,22310886.4
2014-07-01,125.7,127.55,125.7,126.7,180367.0,22844956.15
2014-06-30,122.55,126.7,122.4,125.7,459788.0,57438132.825
2014-06-27,121.2,122.2,120.85,121.3,177718.0,21582963.3
2014-06-26,121.5,122.55,120.55,121.05,270067.0,32796548.3
2014-06-25,123.0,123.15,121.2,122.15,160704.0,19628974.4
2014-06-24,122.2,123.65,121.45,123.5,192428.0,23665668.25
2014-06-23,122.75,123.1,121.25,122.25,167921.0,20505633.75
2014-06-20,121.75,123.2,121.5,122.75,272046.0,33342291.2
2014-06-19,120.0,121.9,120.0,121.9,243337.0,29552834.95
2014-06-18,120.45,120.5,119.05,119.5,169689.0,20308928.3
2014-06-17,118.8,120.65,118.55,120.35,164044.0,19658144.7
2014-06-16,118.55,119.25,118.15,118.65,114851.0,13634208.65
2014-06-13,119.3,119.5,117.65,118.65,143418.0,16979860.0
2014-06-12,120.0,120.2,119.2,119.2,172821.0,20661020.75
2014-06-11,120.7,121.0,119.8,120.25,204026.0,24573573.45
2014-06-10,120.65,121.6,119.75,120.85,207607.0,25096100.4
2014-06-09,119.5,120.8,119.15,120.7,136132.0,16383320.3
2014-06-06,119.25,119.6,118.7,119.35,131570.0,15682961.8
2014-06-05,119.3,119.65,118.2,118.75,176627.0,21000532.55
2014-06-04,119.5,120.05,118.5,119.35,148431.0,17708084.65
2014-06-03,119.0,120.6,118.65,119.65,241615.0,28946834.75
2014-06-02,119.1,120.2,118.3,118.75,132640.0,15790896.25
2014-05-30,119.6,120.2,118.4,118.65,165349.0,19688354.0
2014-05-29,119.4,119.6,118.75,119.15,81026.0,9656361.7
2014-05-28,118.7,119.6,118.6,119.4,143096.0,17059486.05
2014-05-26,118.4,118.55,117.6,118.1,75442.0,8905918.95
2014-05-23,117.55,118.35,116.3,117.9,175741.0,20674502.5
2014-05-22,118.45,118.8,116.5,117.0,170946.0,20046991.15
2014-05-21,117.45,118.2,117.0,118.1,141424.0,16658456.5
2014-05-20,118.4,118.7,117.5,117.6,136320.0,16062849.8
2014-05-19,117.6,118.9,117.5,118.35,139097.0,16445928.85
2014-05-16,118.35,119.45,117.1,117.35,211919.0,24963508.7
2014-05-14,122.35,123.2,120.8,121.45,184873.0,22452633.0
2014-05-13,123.4,124.2,121.95,122.5,189569.0,23274050.45
2014-05-12,122.4,124.1,122.4,123.45,199544.0,24582867.55
2014-05-09,122.45,122.8,121.3,122.0,287534.0,35066781.5
2014-05-08,120.8,122.95,120.6,122.85,295272.0,36027639.75
2014-05-07,121.15,122.2,118.95,120.45,315243.0,37886164.45
2014-05-06,120.0,122.45,119.8,120.45,404864.0,48900361.2
2014-05-05,117.4,117.8,115.85,117.45,100046.0,11691922.6
2014-05-02,116.75,117.35,115.95,117.25,164884.0,19234743.6
2014-04-30,116.5,117.0,115.65,116.7,201358.0,23437476.85
2014-04-29,117.45,117.5,116.05,116.5,149399.0,17417850.3
2014-04-28,116.15,117.55,115.75,116.85,169497.0,19807311.9
2014-04-25,114.5,116.6,114.4,115.85,186862.0,21627504.6
2014-04-24,115.85,116.4,114.05,114.8,173746.0,19975939.35
2014-04-23,115.55,117.0,114.8,115.15,201662.0,23356273.15
2014-04-22,113.35,115.6,112.65,115.5,227908.0,26166315.05
2014-04-17,112.5,113.0,111.85,112.75,128061.0,14404702.8
2014-04-16,111.85,112.4,110.8,112.25,151380.0,16926499.15
2014-04-15,110.25,112.45,110.25,110.75,189160.0,21083863.45
2014-04-14,109.85,110.65,108.75,110.25,158842.0,17444282.9
2014-04-11,110.75,110.75,108.9,110.1,171437.0,18823501.45
2014-04-10,111.15,111.95,110.6,111.3,162381.0,18090229.55
2014-04-09,111.3,111.55,110.3,110.65,112981.0,12543177.55
2014-04-08,110.2,111.05,109.5,111.05,146988.0,16247448.4
2014-04-07,110.5,110.6,109.1,109.8,211112.0,23185118.45
2014-04-04,111.25,111.85,110.55,110.85,187994.0,20907079.65
2014-04-03,113.0,113.45,111.0,111.25,308706.0,34445160.6
2014-04-02,114.8,114.8,113.85,114.05,99022.0,11311782.8
2014-04-01,114.5,114.85,113.7,114.5,91295.0,10450764.25
2014-03-31,113.9,114.2,113.3,113.95,181214.0,20614089.4
2014-03-28,114.25,115.4,112.65,113.9,197975.0,22634387.3
2014-03-27,113.85,114.55,113.45,114.0,140779.0,16055659.25
2014-03-26,113.9,115.1,113.6,114.05,132546.0,15148962.4
2014-03-25,112.0,113.65,111.75,113.5,162639.0,18402424.35
2014-03-24,112.3,112.7,110.85,111.45,176390.0,19695949.35
2014-03-21,111.0,112.4,110.7,112.2,201800.0,22564390.05
2014-03-20,110.65,111.35,109.6,110.85,140967.0,15594113.85
2014-03-19,110.65,111.75,110.0,111.5,145981.0,16235160.05
2014-03-18,109.6,111.5,109.3,110.8,159251.0,17618391.05
2014-03-17,110.0,110.55,108.95,110.2,122050.0,13428310.9
2014-03-14,108.7,110.2,107.85,109.95,158108.0,17251273.8
2014-03-13,111.4,111.45,109.4,109.5,161024.0,17759012.5
2014-03-12,112.2,112.35,110.2,111.15,187706.0,20833951.55
2014-03-11,112.0,113.95,111.8,112.95,179569.0,20276323.5
2014-03-10,113.1,113.3,111.05,111.85,289570.0,32471051.3
2014-03-07,114.4,115.3,113.4,113.95,247183.0,28240131.45
2014-03-06,113.3,114.7,112.9,114.65,168797.0,19261080.5
2014-03-05,112.75,113.35,112.05,113.15,193732.0,21863155.76
2014-02-28,111.0,112.55,110.1,112.4,278781.0,31055280.6
2014-02-27,113.05,113.9,111.5,111.9,260192.0,29203293.15
2014-02-26,112.5,113.6,108.1,112.6,425132.0,47284949.25
2014-02-25,113.7,113.9,111.2,112.5,279020.0,31368594.9
2014-02-24,112.8,113.85,112.7,113.4,106253.0,12044678.75
2014-02-21,112.45,113.8,112.35,113.2,128768.0,14576348.31
2014-02-20,112.2,112.45,111.05,112.25,136107.0,15235422.4
2014-02-19,112.2,113.75,112.2,113.35,88434.0,10001591.45
2014-02-18,113.0,114.1,111.85,112.4,152355.0,17188484.25
2014-02-17,112.4,113.7,112.3,112.85,66796.0,7548633.25
2014-02-14,111.75,112.2,110.9,111.85,108795.0,12163280.3
